"regno","subno","name","orgtype","gd","aob","aob_defined","nhs","ha_no","corr","add1","add2","add3","add4","add5","phone","fax","EmployerName","Address","CompanyNumber","SicCodes","DiffMeanHourlyPercent","DiffMedianHourlyPercent","DiffMeanBonusPercent","DiffMedianBonusPercent","MaleBonusPercent","FemaleBonusPercent","MaleLowerQuartile","FemaleLowerQuartile","MaleLowerMiddleQuartile","FemaleLowerMiddleQuartile","MaleUpperMiddleQuartile","FemaleUpperMiddleQuartile","MaleTopQuartile","FemaleTopQuartile","CompanyLinkToGPGInfo","ResponsiblePerson","EmployerSize","CurrentName","SubmittedAfterTheDeadline"
"206002","0","COMBAT STRESS","R","MEMORANDUM  AND ARTICLES INCORPORATED 11 MAY 1931&#x0D;
AS AMENDED BY SPECIAL RESOLUTION(S) DATED 14 NOV 1991&#x0D;
AS AMENDED BY SPECIAL RESOLUTION(S) DATED 21 SEP 2006&#x0D;
AS AMENDED BY SPECIAL RESOLUTION(S) DATED 20 SEP 2007&#x0D;
AS AMENDED BY SPECIAL RESOLUTION(S) DATED 17 JUL 2008&#x0D;
AS AMENDED BY CERTIFICATE OF INCORPORATION ON CHANGE OF NAME DATED 08 DEC 2016;","NATIONAL","","F","","MR Jeffrey Harrison","Combat Stress                      ","Tyrwhitt House                     ","Oaklawn Road                       ","LEATHERHEAD                        ","","01372587100                        ","","COMBAT STRESS","Tyrwhitt House,
Oaklawn Road,
Leatherhead,
Surrey,
United Kingdom,
KT22 0BX","00256353","86220",-1.7,-0.3,0,0,0,0,26,74,15,85,24,76,39,61,"","Jeff Harrison (Director Resources)","250 to 499","Combat Stress","False"
"207994","0","MARIE CURIE","R","MEMORANDUM  AND ARTICLES INCORPORATED 03/05/1952&#x0D;
AS AMENDED BY SPECIAL RESOLUTION(S) DATED 21/11/1989&#x0D;
AS AMENDED BY SPECIAL RESOLUTION(S) DATED 14/12/1993&#x0D;
AS AMENDED BY SPECIAL RESOLUTION(S) DATED 25/10/1995&#x0D;
AS AMENDED BY SPECIAL RESOLUTION(S) DATED 03/09/2002&#x0D;
AS AMENDED BY SPECIAL RESOLUTION(S) DATED 06/09/2004&#x0D;
AS AMENDED BY SPECIAL RESOLUTION(S) DATED 05/09/2006&#x0D;
AS AMENDED BY SPECIAL RESOLUTION(S) DATED 04/09/2007&#x0D;
AS AMENDED BY SPECIAL RESOLUTION(S) DATED 15/09/2009&#x0D;
AS REGISTERED AT COMPANIES HOUSE ON 07/10/2009&#x0D;
AS AMENDED BY SPECIAL RESOLUTION(S) DATED 13/09/2011&#x0D;
AS AMENDED BY SPECIAL RESOLUTION REGISTERED AT COMPANIES HOUSE ON 14/11/2014;","NATIONAL","","F","","Mrs Penny Laurence-Parr","89 ALBERT EMBANKMENT","LONDON","","","","020 7599 7121","","MARIE CURIE","89 Albert Embankment,
London,
United Kingdom,
SE1 7TP","00507597","63990,
86102,
86900",12.4,7.2,0,0,0.6,0.6,11.6,88.4,9.2,90.8,12.3,87.7,16.4,83.6,"https://www.mariecurie.org.uk/who/plans-reports-policies/diversity-inclusion/gender-pay-gap","Brian O'Donoghue (Head of Human Resources)","1000 to 4999","Marie Curie","False"
"211015","0","STROKE ASSOCIATION","R","MEMORANDUM  AND ARTICLES INCORPORATED 25/03/1899&#x0D;
AS AMENDED BY SPECIAL RESOLUTION(S) DATED 14/04/1976&#x0D;
AS AMENDED BY SPECIAL RESOLUTION(S) DATED 25/03/1994&#x0D;
AS AMENDED BY SPECIAL RESOLUTION(S) DATED 31/03/2000&#x0D;
AS AMENDED BY SPECIAL RESOLUTION(S) DATED 17/10/2001&#x0D;
AS AMENDED BY SPECIAL RESOLUTION(S) DATED 11/10/2005&#x0D;
AS AMENDED BY SPECIAL RESOLUTION(S) DATED 16/10/2007&#x0D;
NOW ARTICLES ADOPTED BY SPECIAL RESOLUTION DATED 12/07/2011&#x0D;
AS AMENDED BY CERTIFICATE OF INCORPORATION ON CHANGE OF NAME DATED 11/05/2012;","NOT DEFINED","","F","","STROKE ASSOCIATION","Stroke Association","Stroke House","240 City Road","London","","0207 566 0300","","STROKE ASSOCIATION","Stroke Association House,
240 City Road,
London,
United Kingdom,
EC1V 2PR","00061274","86900",17.3,13.2,0,0,0,0,8.4,91.6,10,90,17.8,82.2,29.8,70.2,"https://www.stroke.org.uk/about-us/accountability/how-are-we-performing","Christopher Rennison (Executive Director, People and Organisational Development)","500 to 999","Stroke Association","False"
"207477","0","ROYAL BALLET BENEVOLENT FUND                                                                                                                          ","R","SCHEME DATED 01/01/2016&#x0D;
AS AMENDED BY RESOLUTION DATED 01/01/2016&#x0D;
AS AMENDED ON 08 DEC 2015;","NOT DEFINED.","","F","","MS CLEMENTINE COWL","ROYAL OPERA HOUSE","COVENT GARDEN","LONDON","","","01273 234011           ","","ROYAL OPERA HOUSE COVENT GARDEN FOUNDATION","Royal Opera House,
Covent Garden,
London,
United Kingdom,
WC2E 9DD","00480523","90030,
90040",14.8,13.4,9.1,20,30,18,48,52,38,62,59,41,58,42,"http://www.roh.org.uk/about/royal-opera-house/corporate-policies","Jane Crowther (Director of HR)","1000 to 4999","Royal Opera House Covent Garden Foundation","False"
"220239","0","NATIONAL STAR FOUNDATION","R","MEMORANDUM  AND ARTICLES INCORPORATED 20/08/1953&#x0D;
AS AMENDED BY SPECIAL RESOLUTION(S) DATED 15/10/1964&#x0D;
AS AMENDED BY SPECIAL RESOLUTION(S) DATED 02/12/1966&#x0D;
AS AMENDED BY SPECIAL RESOLUTION(S) DATED 09/07/1970&#x0D;
AS AMENDED BY SPECIAL RESOLUTION(S) DATED 26/11/1993&#x0D;
NOW ARTICLES ADOPTED BY SPECIAL RESOLUTION DATED 09/01/2012&#x0D;
AND REGISTERED AT COMPANIES HOUSE ON 14/03/2012&#x0D;
AS AMENDED BY CERTIFICATE OF INCORPORATION ON CHANGE OF NAME DATED 14/03/2012;","NOT DEFINED","","F","","MR KIM WHITE","ULLENWOOD                          ","CHELTENHAM                         ","","","","01242 534903                       ","","NATIONAL STAR FOUNDATION","Ullenwood Manor,
Cheltenham,
United Kingdom,
GL53 9QU","00522846","85410,
85590,
87900",8.1,0,0,0,0,0,25.4,74.6,21.6,78.4,21.6,78.4,29.6,70.4,"https://www.nationalstar.org/us/approach/equality-diversity/gender-pay-gap-report-national-star/","David Ellis (CEO)","500 to 999","National Star Foundation","False"
"224392","0","BLUE CROSS","R","MEMORANDUM  AND ARTICLES INCORPORATED 11/09/1940&#x0D;
AS AMENDED BY SPECIAL RESOLUTION(S) DATED 28/10/1955&#x0D;
AS AMENDED BY SPECIAL RESOLUTION(S) DATED 18/07/1996&#x0D;
AS AMENDED BY SPECIAL RESOLUTION(S) DATED 28/11/2008&#x0D;
AS AMENDED BY CERTIFICATE OF INCORPORATION ON CHANGE OF NAME DATED 11/06/2012&#x0D;
AS AMENDED BY SPECIAL RESOLUTION REGISTERED AT COMPANIES HOUSE ON 20/11/2012;","NOT DEFINED","","F","","MRS Adele Fuller","Blue Cross                         ","Shilton Road                       ","Burford                            ","Oxfordshire                        ","","0300 7771897                       ","","BLUE CROSS","Shilton Road,
Burford,
Oxfordshire,
United Kingdom,
OX18 4PF","00363197","47190,
75000,
96090",25.5,23,0,0,0,0,3.4,96.6,16,84,7.9,92.1,26.6,73.4,"https://www.bluecross.org.uk/Gender-Pay-Gap-Report-2017","Rachel Briggs (Director - People & Development)","500 to 999","Blue Cross","False"
"224469","0","PSS (UK)","R","MEMORANDUM  AND ARTICLES INCORPORATED 31/05/1926&#x0D;
AS AMENDED BY SPECIAL RESOLUTION(S) DATED 10/09/1993&#x0D;
AS AMENDED BY SPECIAL RESOLUTION(S) DATED 13/03/1998&#x0D;
AS AMENDED BY SPECIAL RESOLUTION(S) DATED 23/11/1999&#x0D;
AS AMENDED BY SPECIAL RESOLUTION(S) DATED 22/09/2003&#x0D;
AS AMENDED BY SPECIAL RESOLUTION(S) DATED 22/08/2007&#x0D;
AS AMENDED BY SPECIAL RESOLUTION(S) DATED 03/12/2008&#x0D;
AS AMENDED BY SPECIAL RESOLUTION(S) DATED 17/11/2010&#x0D;
AS AMENDED BY SPECIAL RESOLUTION(S) DATED 27/02/2013&#x0D;
AS AMENDED BY SPECIAL RESOLUTION(S) DATED 24 MAR 2016;","THE UNITED KINGDOM AND OTHER COUNTRIES","","F","","PSS (UK)","P S S","18-24 SEEL STREET","LIVERPOOL","","","0151 7025540                       ","","PSS (UK)","18 Seel Street,
Liverpool,
United Kingdom,
L1 4BE","00214077","87300,
88990",-15,-26,7,17,89,89,38,62,28,72,18,82,17,83,"http://psspeople.com/app/uploads/2018/03/Gender-Pay-Gap-Report.pdf","Lesley Dixon (CEO)","250 to 499","Pss (UK)","False"
"261017","0","MACMILLAN CANCER SUPPORT","R","MEMORANDUM  AND ARTICLES INCORPORATED 30/06/1989&#x0D;
AS AMENDED BY SPECIAL RESOLUTION(S) DATED 27/06/1990&#x0D;
AS AMENDED BY SPECIAL RESOLUTION(S) DATED 30/06/1993&#x0D;
AS AMENDED BY SPECIAL RESOLUTION(S) DATED 29/06/1994&#x0D;
AS AMENDED BY SPECIAL RESOLUTION(S) DATED 25/06/1997&#x0D;
AS AMENDED BY SPECIAL RESOLUTION(S) DATED 06/07/2000&#x0D;
AS AMENDED BY SPECIAL RESOLUTION(S) DATED 28/06/2006&#x0D;
AS AMENDED BY SPECIAL RESOLUTION(S) DATED 25/06/2008&#x0D;
AS AMENDED BY SPECIAL RESOLUTION(S) DATED 29/07/2010&#x0D;
AS AMENDED BY SPECIAL RESOLUTION(S) DATED 27/07/2011&#x0D;
AS AMENDED BY SPECIAL RESOLUTION(S) DATED 12/07/2012;","NOT DEFINED","","F","","MRS VICTORIA BENSON","MACMILLAN CANCER SUPPORT","89 ALBERT EMBANKMENT","LONDON","","","","","MACMILLAN CANCER SUPPORT","89, Albert Embankment,
London,
SE1 7UQ","02400969","86101,
86900,
96090",10.3,9.9,0,0,3.2,2.3,20.5,79.5,22.6,77.4,23.5,76.5,32.6,67.4,"https://www.macmillan.org.uk/assets/macmillan-cancer-support-gender-pay-gap-report.pdf","Dawn Wilde (HR Director)","1000 to 4999","MACMILLAN CANCER SUPPORT","False"
"288018","0","THE CHILDREN'S TRUST","R","MEMORANDUM  AND ARTICLES INCORPORATED 30/09/1983&#x0D;
AS AMENDED BY SPECIAL RESOLUTION(S) DATED 29/01/1988&#x0D;
AS AMENDED BY SPECIAL RESOLUTION(S) DATED 27/03/1992&#x0D;
AS AMENDED BY SPECIAL RESOLUTION(S) DATED 28/01/1994&#x0D;
AS AMENDED BY SPECIAL RESOLUTION(S) DATED 29/03/1996&#x0D;
AS AMENDED BY SPECIAL RESOLUTION(S) DATED 24/09/2004&#x0D;
AS AMENDED BY SPECIAL RESOLUTION(S) DATED 17/07/2007&#x0D;
NOW ARTICLES ADOPTED BY SPECIAL RESOLUTION DATED 06/11/2013&#x0D;
AS AMENDED BY SPECIAL RESOLUTION REGISTERED AT COMPANIES HOUSE ON 07 NOV 2016;","NOT DEFINED","","F","","The Children's Trust","THE CHILDRENS TRUST","TADWORTH COURT","TADWORTH","","","01737 365005                       ","","THE CHILDREN'S TRUST","Tadworth Court,
Tadworth,
Surrey,
United Kingdom,
KT20 5RU","01757875","85200,
85310,
87300,
87900",7.4,-12.2,0,0,0,0.4,15,85,21,79,11,89,13,87,"https://www.thechildrenstrust.org.uk/genderpaygap","Michael Maddick (Director of People)","500 to 999","The Children's Trust","False"
"292880","0","THE HEALTHCARE MANAGEMENT TRUST","R","MEMORANDUM  AND ARTICLES INCORPORATED 23/07/1985&#x0D;
AS AMENDED BY SPECIAL RESOLUTION(S) DATED 19/09/1996&#x0D;
AS AMENDED BY CERTIFICATE OF INCORPORATION ON CHANGE OF NAME DATED 21/02/2013&#x0D;
AS AMENDED BY SPECIAL RESOLUTION(S) DATED 15/07/2014&#x0D;
AS AMENDED BY SPECIAL RESOLUTION(S) DATED 13/08/2015;","NOT DEFINED","","F","","Mr Nigel Roissetetr","Health Care Management Trust","14 Queen Annes Gate","London","","","0207 222 1177","","THE HEALTHCARE MANAGEMENT TRUST","14 Queen Annes Gate,
London,
United Kingdom,
SW1H 9AA","01932882","86101,
87100",37,32,281,190,35,65,49,51,52,48,57,43,56,44,"","Antoinette Edwards (Head of HR)","250 to 499","The Healthcare Management Trust","False"
"509551","0","DOVE HOUSE HOSPICE LIMITED","R","MEMORANDUM AND ARTICLES OF ASSOCIATION INCORPORATED 28 MAY 1980 AS AMENDED 21 DECEMBER 2005&#x0D;
AS AMENDED BY CERTIFICATE OF INCORPORATION ON CHANGE OF NAME DATED 17 AUG 2016&#x0D;
AS AMENDED BY SPECIAL RESOLUTION(S) DATED 19 AUG 2016;","NORTH HUMBERSIDE","","F","","MR CHRIS SADLER","DOVE HOUSE HOSPICE","CHAMBERLAIN ROAD","HULL","","","01482 784343","","DOVE HOUSE HOSPICE LIMITED","Dove House Hospice, Chamberlain Road,
Hull,
N. Humberside,
HU8 8DH","01498747","85590,
86220,
88990",4.1,6.5,94,65,9.1,2,17,83,33,67,31,69,30,70,"","Anna Wolkowski (Chief Executive)","250 to 499","DOVE HOUSE HOSPICE LIMITED","False"
"249077","0","CHARITY OF JOHN PATTISON                                                                                                                              ","R","WILL PROVED AT NEWCASTLE UPON TYNE ON 14TH MAY 1908. (U.V. 149 PAGE 64/5);","NORTH SHIELDS.","","F","","MR JEFFREY LEDGER","DIOCESE OF HEXHAM & NEWCASTLE","ST. CUTHBERTS HOUSE","WEST ROAD","NEWCASTLE UPON TYNE","","0191 2433300                       ","","ST CUTHBERT'S CARE","St Cuthbert's House, West Road,
Newcastle Upon Tyne,
England,
NE15 7PY","01645917","87100,
87200,
87900,
88990",0.3,-0.5,0,0,0,0,10,90,15,85,13,87,18,82,"http://www.stcuthbertscare.org.uk/download/stCuthbertsCare/GenderPayGapReport.pdf","Geraldine Martin (Director of Human Resources)","Not Provided","ST CUTHBERT'S CARE","False"
"700370","0","ACCESSIBLE TRANSPORT GROUP LIMITED","R","MEMORANDUM  AND ARTICLES INCORPORATED 31/05/1988&#x0D;
AS AMENDED BY SPECIAL RESOLUTION(S) DATED 13/07/2005&#x0D;
NOW ARTICLES ADOPTED BY SPECIAL RESOLUTION DATED 22/09/2010&#x0D;
AS AMENDED BY SPECIAL RESOLUTION(S) DATED 23/02/2011&#x0D;
AS AMENDED BY SPECIAL RESOLUTION(S) DATED 27/03/2013&#x0D;
AS AMENDED BY CERTIFICATE OF INCORPORATION ON CHANGE OF NAME DATED 23/05/2013&#x0D;
AS AMENDED BY CERTIFICATE OF INCORPORATION ON CHANGE OF NAME DATED 08 DEC 2016;","NOT DEFINED.","","F","","ACCESSIBLE TRANSPORT GROUP","80 PARK ROAD","BIRMINGHAM","","","","0121 327 8128","","RING AND RIDE WEST MIDLANDS LIMITED","80 Park Road,
Birmingham,
West Midlands,
United Kingdom,
B6 5PL","08355288","49319",-3,0,0,0,0,0,71,29,88,12,88,12,74,26,"","Sally-Ann McKevitt (Head of HR and Service Development)","250 to 499","RING AND RIDE WEST MIDLANDS LIMITED","False"
"700636","0","ASHGATE HOSPICECARE","R","MEMORANDUM  AND ARTICLES INCORPORATED 02/06/1988&#x0D;
NOW ARTICLES ADOPTED BY SPECIAL RESOLUTION DATED 24/07/2014&#x0D;
AS AMENDED BY CERTIFICATE OF INCORPORATION ON CHANGE OF NAME DATED 23/10/2014&#x0D;
AS AMENDED BY SPECIAL RESOLUTION(S) DATED 21 APR 2016;","NOT DEFINED","","F","","Peter Bradbury","Ashgate Hospice","Ashgate Road","Chesterfield","","","01246 568801","","ASHGATE HOSPICECARE","Ashgate Hospicecare Ashgate Road,
Old Brampton,
Chesterfield,
Derbyshire,
United Kingdom,
S42 7JD","02263980","86101",0.5,-19,0,0,0,0,20.8,79.2,10.4,89.6,10.4,89.6,10.4,89.6,"https://www.ashgatehospicecare.org.uk/files/Gender-Pay-Gap-2017-18.pdf","Barbara-Anne Walker (Chief Executive)","250 to 499","Ashgate Hospicecare","False"
"273589","0","WHITSTONE HEAD EDUCATIONAL TRUST LIMITED","R","MEMORANDUM AND ARTICLES OF ASSOCIATION INCORPORATED 15TH JULY 1976 AS AMENDED ON THE 12 DECEMBER 2002;","NOT DEFINED","","F","","WHITSTONE HEAD EDUCATIONAL TRUST LIMITED","C/O W VAUGHAN JONES & SUSAN CLAY","JONES GILES & CLAY LIMITED","11 COOPERS YARD","CURRAN ROAD","CARDIFF","","","CARTREFI CYMRU CO-OPERATIVE LIMITED","Units 5 & 6 Coopers Yard,
Curran Road,
Cardiff,
United Kingdom,
CF10 5NB","02420623","88100",1,0,0,0,0,0,31,69,22,78,23,77,23,77,"","Cathryn Ferris (Assistant Director (People))","1000 to 4999","CARTREFI CYMRU CO-OPERATIVE LIMITED","False"
"1000792","0","AUTISM WESSEX","R","MEMORANDUM  AND ARTICLES INCORPORATED 31/05/1990&#x0D;
AS AMENDED BY SPECIAL RESOLUTION(S) DATED 13/12/2004&#x0D;
AS AMENDED BY CERTIFICATE OF INCORPORATION ON CHANGE OF NAME DATED 07/02/2013&#x0D;
AS AMENDED BY SPECIAL RESOLUTION REGISTERED AT COMPANIES HOUSE ON 18/02/2013&#x0D;
NOW ARTICLES ADOPTED BY SPECIAL RESOLUTION DATED 21/11/2013;","DORSET, EAST SOMERSET, WEST HAMPSHIRE AND WILTSHIRE","","F","","Siun Cranny","AUTISM WESSEX                      ","BARGATES COURT                     ","22 BARGATES                        ","CHRISTCHURCH                       ","","01202 483360","","AUTISM WESSEX","Bargates Court,
22 Bargates,
Christchurch,
Dorset,
United Kingdom,
BH23 1QL","02506982","85590,
87900,
88990",-18.2,-8.8,0,0,0,0,33,67,35,65,29,71,32,68,"","Sarah Alderton (Head of HR)","250 to 499","Autism Wessex","True"
"226512","0","UNITED SOCIETY FOR CHRISTIAN LITERATURE                                                                                                               ","R","MEMORANDUM AND ARTICLES OF ASSOCIATION INCORPORATED 1899 AS AMENDED ON THE 14 MAY 1935 AND THE 24 APRIL 1951;","NATIONAL AND OVERSEAS","","F","","U S C L","The Foundry                        ","17 Oval Way                        ","LONDON                             ","","","02037525800            ","","THE FORWARD TRUST","17 Oval Way,
London,
United Kingdom,
SE11 5RR","02560474","87900,
88990",7,5,-28,-50,43,41,25,75,24,76,26,74,37,63,"https://www.forwardtrust.org.uk/news-and-updates/gender-pay-gap-report/","Mike Trace (CEO)","250 to 499","THE FORWARD TRUST","False"
"1001704","0","EMH CARE AND SUPPORT LIMITED","R","MEMORANDUM  AND ARTICLES INCORPORATED 04/04/1990&#x0D;
AS AMENDED BY SPECIAL RESOLUTION(S) DATED 21/12/1990&#x0D;
AS AMENDED BY CERTIFICATE OF INCORPORATION ON CHANGE OF NAME DATED 03/11/2003&#x0D;
AS AMENDED BY SPECIAL RESOLUTION(S) DATED 21/09/2006&#x0D;
AS AMENDED BY SPECIAL RESOLUTION REGISTERED AT COMPANIES HOUSE ON 21/03/2013&#x0D;
AS AMENDED BY SPECIAL RESOLUTION(S) DATED 18 SEP 2016&#x0D;
AS REGISTERED AT COMPANIES HOUSE ON 31 JAN 2017&#x0D;
AS AMENDED BY SPECIAL RESOLUTION(S) DATED 14 AUG 2017;","","","F","","Mrs K Hall","East Midlands Housing Group        ","Memorial House                     ","Whitwick Business Park             ","Stenson Road                       ","COALVILLE                          ","01530 276000","","EMH CARE AND SUPPORT LIMITED","02488821 Memorial House, Whitwick Business Park,
Stenson Road,
Coalville,
Leicestershire,
United Kingdom,
LE67 4JP","02488821","87200,
88100",-5.2,0,0,0,0,0,22.4,77.6,31.7,68.3,31,69,18.4,81.6,"http://www.emhgroup.org.uk/about-emh-group/","Joanne Tilley (Executive Director - Corporate Services)","Not Provided","EMH CARE AND SUPPORT LIMITED","False"
"1001704","0","EMH CARE AND SUPPORT LIMITED","R","MEMORANDUM  AND ARTICLES INCORPORATED 04/04/1990&#x0D;
AS AMENDED BY SPECIAL RESOLUTION(S) DATED 21/12/1990&#x0D;
AS AMENDED BY CERTIFICATE OF INCORPORATION ON CHANGE OF NAME DATED 03/11/2003&#x0D;
AS AMENDED BY SPECIAL RESOLUTION(S) DATED 21/09/2006&#x0D;
AS AMENDED BY SPECIAL RESOLUTION REGISTERED AT COMPANIES HOUSE ON 21/03/2013&#x0D;
AS AMENDED BY SPECIAL RESOLUTION(S) DATED 18 SEP 2016&#x0D;
AS REGISTERED AT COMPANIES HOUSE ON 31 JAN 2017&#x0D;
AS AMENDED BY SPECIAL RESOLUTION(S) DATED 14 AUG 2017;","","","F","","Mrs K Hall","East Midlands Housing Group        ","Memorial House                     ","Whitwick Business Park             ","Stenson Road                       ","COALVILLE                          ","01530 276000","","EMH CARE AND SUPPORT LIMITED","02488821 Memorial House, Whitwick Business Park,
Stenson Road,
Coalville,
Leicestershire,
United Kingdom,
LE67 4JP","02488821","87200,
88100",-5.2,0,0,0,0,0,22.4,77.6,31.7,68.3,31,69,18.4,81.6,"http://www.emhgroup.org.uk/about-emh-group/","Joanne Tilley (Executive Director - Corporate Services)","Not Provided","EMH CARE AND SUPPORT LIMITED","False"
"1002727","0","AVANTE CARE AND SUPPORT LIMITED","R","MEMORANDUM  AND ARTICLES INCORPORATED 04/12/1990&#x0D;
AS AMENDED BY SPECIAL RESOLUTION(S) DATED 11/01/1991&#x0D;
AS AMENDED BY SPECIAL RESOLUTION(S) DATED 10/06/2002&#x0D;
AS AMENDED BY SPECIAL RESOLUTION(S) DATED 21/08/2009&#x0D;
AS AMENDED BY SPECIAL RESOLUTION(S) DATED 25/11/2014&#x0D;
AS AMENDED BY CERTIFICATE OF INCORPORATION ON CHANGE OF NAME DATED 03/12/2014&#x0D;
AS AMENDED BY SPECIAL RESOLUTION(S) DATED 17/04/2015;","THE COUNTY OF KENT","","F","","AVANTE CARE & SUPPORT LIMITED","DE GELSEY HOUSE                    ","1 JUBILEE WAY                      ","FAVERSHAM                          ","KENT                               ","","01795597400","","AVANTE CARE AND SUPPORT LIMITED","De Gelsey House,
1 Jubilee Way,
Faversham,
Kent,
United Kingdom,
ME13 8GD","02565021","87300,
88100,
88990",18.2,8.8,84.3,92.9,4,3.8,6,94,8,92,10,90,12,88,"http://avantecare.org.uk/join-us/avante-gender-pay-gap-report/","Deborah Pert (Finance Director)","1000 to 4999","AVANTE CARE AND SUPPORT LIMITED","False"
"1004537","0","AVOCET TRUST","R","MEMORANDUM AND ARTICLES OF ASSOCIATION INCORPORATED 20 SEPT 1991 AS AMENDED BY SPECIAL RESOLUTION DATED 12 JUNE 1995; CERTIFICATE UPON CHANGE OF NAME DATED 22 NOV 1995; SPECIAL RESOLUTION DATED 25 OCT 2004; SPECIAL RESOLUTION DATED 16 OCT 2006.;","EAST RIDING OF YORKSHIRE NORTH AND NORTH EAST LINCOLNSHIRE COUNTY AND CITY OF KIGSTON UPON HULL","","F","","MR LES HOWELL","AVOCET TRUST","CLARENCE HOUSE","60-62 CLARENCE STREET","HULL","","01482 329 226","","AVOCET TRUST","CLARENCE HOUSE,
60-62 Clarence Street,
Hull,
East Yorkshire,
United Kingdom,
HU9 1DN","02647631","87200",6,0,0,0,0,0,22,78,21,79,27,73,19,81,"","Les Howell (CEO)","250 to 499","Avocet Trust","False"
"1007878","0","AUTISM TOGETHER","R","MEMORANDUM  AND ARTICLES INCORPORATED 29/10/1991&#x0D;
AS AMENDED BY SPECIAL RESOLUTION(S) DATED 26/09/2006&#x0D;
AS AMENDED BY SPECIAL RESOLUTION(S) DATED 27/09/2008&#x0D;
AS AMENDED BY SPECIAL RESOLUTION(S) DATED 02/03/2013&#x0D;
AS REGISTERED AT COMPANIES HOUSE ON 11/03/2013&#x0D;
AS AMENDED BY CERTIFICATE OF INCORPORATION ON CHANGE OF NAME DATED 22 JUN 2016;","NOT DEFINED","","F","","SUE STUBBS","Autism Together                    ","Unit C                             ","Oak House                          ","6 Tebay Road                       ","Bromborough                        ","0151 334 7510","","AUTISM TOGETHER","Wirral Centre For Autism Oak House (Unit C),
6 Tebay Road Bromborough,
Wirral,
Merseyside,
United Kingdom,
CH62 3PA","02658268","87200",-0.7,0,0,0,0,0,48,52,45,55,44,56,41,59,"http://www.autismtogether.co.uk/2017-2018-gender-pay-gap-data/","Jim Strain (HR & OD Director)","Not Provided","Autism Together","False"
"1003741","0","THE FERNDEN FOUNDATION                                                                                                                                ","R","TRUST DEED DATED 24TH. MAY 1991;","NOT DEFINED","","F","","G.L. PRAIN ESQ.","17 HYLTON ROAD","PETERSFIELD","","","","01730 231723","","FITZROY SUPPORT","Fitzroy House,
8 Hylton Road,
Petersfield,
Hampshire,
United Kingdom,
GU32 3JY","02699902","87900,
88100",-3.6,0.6,-288.1,-20,2.1,5.5,17.9,82.1,26,74,25.6,74.4,18.7,81.3,"https://www.fitzroy.org/wp-content/uploads/Gender-Pay-Reporting-Results.pdf","Robyn Wedderburn (HR Director)","1000 to 4999","Fitzroy Support","False"
"1015988","0","ROYAL VOLUNTARY SERVICE","R","MEMORANDUM  AND ARTICLES INCORPORATED 10/07/1990&#x0D;
AS AMENDED BY SPECIAL RESOLUTION(S) DATED 11/12/1992&#x0D;
AS AMENDED BY SPECIAL RESOLUTION(S) DATED 01/07/1993&#x0D;
AS AMENDED BY SPECIAL RESOLUTION(S) DATED 16/09/1993&#x0D;
AS AMENDED BY SPECIAL RESOLUTION(S) DATED 26/11/1998&#x0D;
AS AMENDED BY SPECIAL RESOLUTION(S) DATED 25/11/1999&#x0D;
AS AMENDED BY SPECIAL RESOLUTION(S) DATED 11/12/1999&#x0D;
AS AMENDED BY SPECIAL RESOLUTION(S) DATED 27/11/2001&#x0D;
AS AMENDED BY SPECIAL RESOLUTION(S) DATED 19/05/2003&#x0D;
AS AMENDED BY SPECIAL RESOLUTION(S) DATED 27/01/2004&#x0D;
AS AMENDED BY SPECIAL RESOLUTION(S) DATED 25/09/2007&#x0D;
AS AMENDED BY SPECIAL RESOLUTION(S) DATED 19/11/2012&#x0D;
AS AMENDED BY CERTIFICATE OF INCORPORATION ON CHANGE OF NAME DATED 10/05/2013&#x0D;
AS AMENDED BY SPECIAL RESOLUTION(S) DATED 25/09/2015;","PRIMARILY IN THE UNITED KINGDOM","","F","","MS Catherine Nightingale","Royal Voluntary Service","Cardiff Gate Beck Court","Cardiff Gate Business Park","Pontprennau","Cardiff","029 2073 9119                      ","","ROYAL VOLUNTARY SERVICE","Beck Court, Cardiff Gate Business Park,
Cardiff,
CF23 8RP","02520413","47110,
49390,
56290,
96090",14.1,0.9,0,0,0,0,26,74,17,83,24,76,33,67,"","John Clark (Executive Director of Finance)","1000 to 4999","ROYAL VOLUNTARY SERVICE","False"
"226064","0","FRIENDS OF THE ELDERLY                                                                                                                                ","R","MEMORANDUM  AND ARTICLES INCORPORATED 09/02/1914&#x0D;
AS AMENDED BY SPECIAL RESOLUTION(S) DATED 10/03/1950&#x0D;
AS AMENDED BY SPECIAL RESOLUTION(S) DATED 20/05/1953&#x0D;
AS AMENDED BY SPECIAL RESOLUTION(S) DATED 20/07/1955&#x0D;
AS AMENDED BY SPECIAL RESOLUTION(S) DATED 18/07/1962&#x0D;
AS AMENDED BY SPECIAL RESOLUTION(S) DATED 21/11/1962&#x0D;
AS AMENDED BY SPECIAL RESOLUTION(S) DATED 18/11/1964&#x0D;
AS AMENDED BY SPECIAL RESOLUTION(S) DATED 13/10/1972&#x0D;
AS AMENDED BY SPECIAL RESOLUTION(S) DATED 02/12/1987&#x0D;
AS AMENDED BY SPECIAL RESOLUTION(S) DATED 14 SEP 2017;","NOT DEFINED","","F","","FRIENDS OF THE ELDERLY","40-42 EBURY STREET                 ","LONDON                             ","","","","020 7730 8263","","TRIANGLE COMMUNITY SERVICES LIMITED","40-42 Ebury Street,
London,
England,
SW1W 0LZ","02698380","88100,
96040",6.7,3.4,-100,-100,0,0.4,6.9,93.1,5.6,94.4,15.3,84.7,13.9,86.1,"","Steve Allen (Chief Executive)","250 to 499","TRIANGLE COMMUNITY SERVICES LIMITED","False"
"1017853","0","ST GEORGE'S WEYBRIDGE","R","MEMORANDUM  AND ARTICLES INCORPORATED 11/02/1993&#x0D;
AS AMENDED BY SPECIAL RESOLUTION(S) DATED 15/11/2010&#x0D;
AS AMENDED BY CERTIFICATE OF INCORPORATION ON CHANGE OF NAME DATED 24/12/2012;","IN PRACTICE, SURREY","","F","","MRS PAULINE CARTER","ST. GEORGES COLLEGE","WEYBRIDGE ROAD","ADDLESTONE","","","01932 839312","","ST GEORGE'S WEYBRIDGE","St George's College,
Weybridge Road,
Addlestone,
Surrey,
United Kingdom,
KT15 2QS","02789023","85100,
85200,
85310",12,24,-100,-100,0,2,18,82,37,63,34,66,44,56,"http://www.stgeorgesweybridge.com/uploads/redactor_rails/document/data/7287/Gender_Pay_Reporting_Commentary_April_2018_-_Final.pdf","Greg Cole (Bursar & Clerk to the Governors)","250 to 499","St George's Weybridge","False"
"288915","0","ANNA VICTORIA NURSING HOME                                                                                                                            ","R","MEMORANDUM  AND ARTICLES INCORPORATED 28/02/1984&#x0D;
AS AMENDED BY CERTIFICATE OF INCORPORATION ON CHANGE OF NAME DATED 09/01/1986&#x0D;
AS AMENDED BY SPECIAL RESOLUTION(S) DATED 31/03/2011;","NOT DEFINED","","F","","Mr Adrian Bray","PILGRIMS' FRIEND SOCIETY","175 TOWER BRIDGE ROAD","LONDON","","","0300 303 1405                      ","","PILGRIMS' FRIEND SOCIETY","175, Tower Bridge Road,
London,
SE1 2AL","03027071","87300,
88100",18,13.1,0,0,0,0,9.3,90.7,16.3,83.7,14.4,85.6,32.7,67.3,"https://www.pilgrimsfriend.org.uk","Phil Wainwright (Director of HR)","250 to 499","PILGRIMS' FRIEND SOCIETY","True"
"281376","0","FRIENDS OF MILTON KEYNES HOSPITAL AND COMMUNITY                                                                                                       ","R","CONSTITUTION ADOPTED 4TH JUNE 1980 AS AMENDED 19TH JULY 1999 AS AMENDED 22ND SEPTEMBER 2003.;","NOT DEFINED IN PRACTICE THE MILTON KEYNES HOSPITAL","","F","","FRIENDS OF MILTON KEYNES HOSPITAL & COMMUNITY","MILTON KEYNES HOSPITAL","STANDING WAY","EAGLESTONE","MILTON KEYNES","","01908 375860","","MILTON KEYNES HOSPITAL NHS FOUNDATION TRUST","Standing Way,
Eaglestone,
Milton Keynes,
Buckinghamshire,
United Kingdom,
MK6 5LD","","1,
86210",28.6,15.2,36.6,52.2,5.3,0.6,19.6,80.4,14.2,85.8,12.4,87.6,34.4,65.6,"http://www.mkhospital.nhs.uk/index.php?view=list&slug=equality-and-diversity&option=com_docman&layout=table&Itemid=646","","1000 to 4999","Milton Keynes Hospital Nhs Foundation Trust","False"
"1054015","0","TENOVUS CANCER CARE","R","MEMORANDUM AND ARTICLES OF ASSOCIATION INCORPORATED 3 DECEMBER 1968 AMENDED BY SPECIAL RESOLUTION DATED 19 MARCH 1996, 16 SEPTEMBER 2008 AND 16 MARCH 2009.&#x0D;
AS AMENDED BY CERTIFICATE OF INCORPORATION ON CHANGE OF NAME DATED 19/03/2015;","NOT DEFINED","","F","","Mrs Claudia McVie","GLEIDER HOUSE                      ","TY GLAS ROAD                       ","CARDIFF                            ","","","","","TENOVUS CANCER CARE","Gleider House 9th Floor Ty Glas Road, Llanishen,
Cardiff,
CF14 5BD","00943501","86900",16.4,33.8,0,0,0,0,7,93,13,87,25,75,28,72,"","Julie Rees (Director of People and Development)","250 to 499","TENOVUS CANCER CARE","False"
"1091434","0","NURSING AND MIDWIFERY COUNCIL","R","THE NURSING AND MIDWIFERY ORDER 2001;","NOT DEFINED","","F","","Nursing and Midwifery Council","N M C","23 PORTLAND PLACE","LONDON","","","","","NURSING AND MIDWIFERY COUNCIL","23 Portland Place,
London,
W1B 1PZ","","1",1.9,3.7,0,0,0,0,33,67,34,66,38,62,36,64,"https://www.nmc.org.uk/about-us/reports-and-accounts/gender-pay-gap-report/","","500 to 999","Nursing and Midwifery Council","False"
"279242","0","THE RESPONSIVE EARTH TRUST                                                                                                                            ","R","TRUST DEED DATED 19/09/1979&#x0D;
AS AMENDED ON 02/12/2013;","NOT DEFINED","","F","","MR IAN CLEMENTS","Ruskin Mill","Millbottom","Nailsworth","Stroud","","","","RUSKIN MILL TRUST LIMITED","COMPANY SECRETARY,
Ruskin Mill Mill Bottom,
Old Bristol Road,
Nailsworth,
Glos,
United Kingdom,
GL6 0LA","07252866","85590",5.7,9.3,0,0,0,0,33.3,66.7,41.7,58.3,46.2,53.8,45.1,54.9,"http://www.rmt.org/wp-content/uploads/2018/04/Ruskin-Mill-Trust-Gender-Pay-Report-Published-April-2018.pdf","Ian Turner (Director of People, Employee Engagement and PSTE)","500 to 999","RUSKIN MILL TRUST LIMITED","False"
"528895","0","FRIENDS OF BIRMINGHAM MUSEUMS AND ART GALLERY                                                                                                         ","R","RULES ADOPTED 22ND MAY 1969;","NOT DEFINED","","F","","MRS Melissa Hughes","BIRMINGHAM MUSEUM & ART GALLERY","CHAMBERLAIN SQUARE","BIRMINGHAM","","","0121 348 8330                      ","","BIRMINGHAM MUSEUMS TRUST","Birmingham Museum And Art Gallery,
Chamberlain Square,
Birmingham,
United Kingdom,
B3 3DH","07737797","91020",-3.7,3.8,0,0,0,0,39.5,60.5,31.2,68.8,38.8,61.2,36.7,63.3,"http://www.birminghammuseums.org.uk/about/our-organisation/policies-plans-and-reports","Robert Phillips (Human Resources Manager)","250 to 499","Birmingham Museums Trust","False"
"528384","0","HARPER ADAMS UNIVERSITY COLLEGE                                                                                                                       ","R","SCHEME DATED 03/02/1988&#x0D;
AS AMENDED BY SCHEME DATED 13/08/1991&#x0D;
AS AMENDED BY ORDER DATED 01/08/2012;","NOT DEFINED.","","F","","DR Catherine Baxter","HARPER ADAMS UNIVERSITY COLLEGE","EDGMOND","NEWPORT","","","01952820280                        ","","HARPER ADAMS UNIVERSITY","Harper Adams University,
Edgmond,
Newport,
TF10 8NB","08049710","1",27.7,37.4,100,100,0.2,0,17.4,82.6,34.8,65.2,40.4,59.6,62.1,37.9,"http://harper.ac.uk/gpg-report-2018","","500 to 999","Harper Adams University","False"
"1152186","0","VIBRANCE","R","MEMORANDUM  AND ARTICLES INCORPORATED 28 MAR 2013&#x0D;
AS AMENDED BY CERTIFICATE OF INCORPORATION ON CHANGE OF NAME DATED 05/07/2013;","","","F","","MR PAUL ALLEN","R C H L","2 CAXTON PLACE","RODEN STREET","ILFORD","ESSEX","020 8477 1800","","VIBRANCE","Unit 2 Caxton Place,
Roden Street,
Ilford,
United Kingdom,
IG1 2AH","08466095","87200",3.4,0,0,0,0,0,12,88,33,67,26,74,20,80,"https://www.vibrance.org.uk/wp-content/uploads/2018/03/Vibrance-Gender-Pay-Gap.pdf","Paul Allen (Chief Executive)","250 to 499","Vibrance","False"
"1159092","0","LIFE LEISURE TRUST","R","MEMORANDUM  AND ARTICLES INCORPORATED 21/03/2014&#x0D;
AS AMENDED BY SPECIAL RESOLUTION(S) DATED 13/10/2014;","THROUGHOUT WALES","","F","","Dione Morris","Regain Building","Mill Lane","Ebbw Vale","","","01495 355606           ","","LIFE LEISURE TRUST","Regain, Mill Lane,
Ebbw Vale,
NP23 6GR","08951503","85590,
90040,
91011,
93110",15.4,14.2,0,0,0,0,16,84,34,66,66,34,54,46,"https://aneurinleisure.org.uk/public-documents","Anthony Hughes (Managing Director)","Less than 250","LIFE LEISURE TRUST","False"
"212799","0","MERCHANT NAVY WELFARE BOARD                                                                                                                           ","R","MEMORANDUM  AND ARTICLES INCORPORATED 23/04/1948&#x0D;
AS AMENDED BY SPECIAL RESOLUTION(S) DATED 20/05/2010&#x0D;
AS AMENDED BY SPECIAL RESOLUTION(S) DATED 07/06/2010&#x0D;
AS AMENDED BY SPECIAL RESOLUTION(S) DATED 14/08/2015;","NATIONAL AND OVERSEAS","","F","","MR Peter Dawson TOMLIN Mr","MERCHANT NAVY WELFARE BOARD","8 CUMBERLAND PLACE","SOUTHAMPTON","","","02380337799","","CITY CATERING SOUTHAMPTON","2nd Floor Latimer House,
5-7 Cumberland Place,
Southampton,
United Kingdom,
SO15 2BH","09331784","56290",51.4,51.2,0,0,0,0,0,100,0,100,2.1,97.9,10.4,89.6,"http://www.citycateringsouthampton.co.uk/gender-pay-gap","Rachel Hall (Chief Executive)","250 to 499","City Catering Southampton","False"
"1162220","0","NEWPORT LIVE","R","MEMORANDUM  AND ARTICLES INCORPORATED 24/11/2014;","NEWPORT","","F","","MR STEVE WARD","NEWPORT INTERNATIONAL SPORT VILLAGE","VELODROME WAY","","NEWPORT","GWENT","01633 656757","","NEWPORT LIVE","Newport International Sport Village,
Regional Swimming Pool And Tennis Centre,
Newport,
Wales,
United Kingdom,
NP19 4RB","09323582","90040,
93110",4,4,0,0,0,0,33,67,46,54,51,49,49,51,"http://www.newportlive.co.uk/","Ian Colbourne (Director of Finance and Resources)","250 to 499","Newport Live","False"
"205793","0","THE ROYAL MASONIC HOSPITAL                                                                                                                            ","R","HIGH COURT SCHEME OF 21ST OCTOBER 1986 AND DETERMINATION ORDER 27TH NOVEMBER 1986 AND ORDER OF THE HIGH COURT OF 20TH JULY 1999 AS AMENDED BY RESOLUTION DATED 16 SEPTEMBER 2010;","NOT DEFINED","","F","","MISS ANNETTE CAMPBELL","The Masonic Charitable Foundation  ","Freemasons Hall                    ","60 Great Queen Street              ","LONDON                             ","","020 3146 3304                      ","","THE ROYAL MASONIC BENEVOLENT INSTITUTION CARE COMPANY","60 Great Queen Street,
London,
United Kingdom,
WC2B 5AZ","01293566","87100",14.4,0.1,-12,0.1,2.4,1,13,87,32,68,17,83,75,25,"https://www.rmbi.org.uk/gender-pay-gap-report","Louise Bateman (Human Resources Director)","1000 to 4999","THE ROYAL MASONIC BENEVOLENT INSTITUTION CARE COMPANY","False"
"1169071","0","LINCS INSPIRE LIMITED","R","MEMORANDUM  AND ARTICLES INCORPORATED 14 NOV 2012&#x0D;
AS AMENDED BY SPECIAL RESOLUTION(S) DATED 30 JUN 2016&#x0D;
AS REGISTERED AT COMPANIES HOUSE ON 12 AUG 2016;","","","F","","Dick Marshall","BRADLEY FOOTBALL DEVELOPMENT CENTRE","BRADLEY ROAD","GRIMSBY","","","","","LINCS INSPIRE LIMITED","Bradley Football Development Centre,
Bradley Road,
Grimsby,
South Humberside,
England,
DN37 0AG","08293679","90010,
91011,
91012,
93110",-2.7,-2.4,0,0,0,0,39,61,40,60,26,74,32,68,"","Susan Wells (Cheif Executive Officer)","500 to 999","LINCS INSPIRE LIMITED","False"
"1137327","0","NORTH STOCKTON ACADEMY ENDOWMENT FUND                                                                                                                 ","R","TRUST DEED DATED 26/03/2010&#x0D;
AS AMENDED BY RESOLUTION DATED 07/09/2012&#x0D;
AS AMENDED BY RESOLUTION DATED 23/11/2012;","UNDEFINED. IN PRACTICE, LOCAL","","F","","MR P PARISH","NORTHERN EDUCATION TRUST","FABRAM CENTRE","COBALT BUSINESS EXCHANGE","SILVERLINK","NEWCASTLE UPON TYNE","0191 2804623","","Northern Education Trust","Cobalt Business Exchange Central Unit 5, Silver Fox Way,
Cobalt Business Park,
Newcastle Upon Tyne,
Tyne And Wear,
United Kingdom,
NE27 0QJ","07189647","1,
85200,
85310",23.9,27.3,0,0,0,0,13,87,21,79,33,67,37,63,"http://www.northerneducationtrust.org/about/pay-gap-report","","1000 to 4999","Northern Education Trust","False"
"1140852","1","THE WILF WARD FAMILY TRUST 1986","R","TRUST DEED DATED 7 NOVEMBER 1986 AS AMENDED BY SUPPLEMENTAL DEED DATED 24 JULY 2001;","NORTH YORKSHIRE OR ELSEWHERE IN THE UNITED KINGDOM","","F","","CATH SELL","Wilf Ward Family Trust","5 Westgate","Pickering","","","","","The Wilf Ward Family Trust","Westgate House,
5 Westgate,
Pickering,
North Yorkshire,
United Kingdom,
YO18 8BA","07568318","87200,
87900,
88990",1.1,-0.6,-100,-100,0,1.8,22.3,77.7,23.7,76.3,19.1,80.9,16,84,"http://www.wilfward.org.uk","Paul McCay (Chief Executive)","500 to 999","The Wilf Ward Family Trust","False"
"1140852","0","THE WILF WARD FAMILY TRUST                                                                                                                            ","R","MEMORANDUM  AND ARTICLES INCORPORATED 17/03/2011&#x0D;
AS AMENDED BY SPECIAL RESOLUTION(S) DATED 09/10/2015;","","","F","","MRS CATH SELL","WESTGATE HOUSE                     ","5 WESTGATE                         ","PICKERING                          ","NORTH YORKSHIRE                    ","","01751 474740","","The Wilf Ward Family Trust","Westgate House,
5 Westgate,
Pickering,
North Yorkshire,
United Kingdom,
YO18 8BA","07568318","87200,
87900,
88990",1.1,-0.6,-100,-100,0,1.8,22.3,77.7,23.7,76.3,19.1,80.9,16,84,"http://www.wilfward.org.uk","Paul McCay (Chief Executive)","500 to 999","The Wilf Ward Family Trust","False"
"1142294","0","AGE UK LANCASHIRE","R","MEMORANDUM  AND ARTICLES INCORPORATED 23/03/2010;","","","F","","MRS Sue Bailey","Suite 22                           ","Railway House                      ","Railway Road                       ","Chorley                            ","Lancs                              ","","","AGE UK LANCASHIRE","Suite 22, Railway House,
Railway Road,
Chorley,
Lancashire,
England,
PR6 0HW","07200267","88100",11.6,5.9,0,0,0,0,4.8,95.2,6.4,93.6,11.1,88.9,15.9,84.1,"","Vivien Mumford (Chair of Board of Trustees)","250 to 499","AGE UK LANCASHIRE","True"
"1143101","0","UNIVERSITY OF HERTFORDSHIRE STUDENTS' UNION                                                                                                           ","R","Memorandum                                                                                                                                            ;","","","F","","PHILIP MACKAY","University of Hertfordshire","College Lane","Hatfield","","","01707285000                        ","","UNIVERSITY OF HERTFORDSHIRE STUDENTS' UNION","University Of Hertfordshire, College Lane,
Hatfield,
Hertfordshire,
AL10 9AB","07703890","94990",-1,0,0,0,0,0,27,73,38,62,29,71,33,67,"https://hertfordshire.su/your-union/jobsandcareers/","Christine Dixon (Director of Finance & Resources)","250 to 499","UNIVERSITY OF HERTFORDSHIRE STUDENTS' UNION","False"
"1144035","0","THE LEYS AND ST FAITH'S SCHOOLS FOUNDATION                                                                                                            ","R","MEMORANDUM  AND ARTICLES INCORPORATED 22/08/2011;","","","F","","MR PAUL MCKEOWN","THE LEYS SCHOOL","FEN CAUSEWAY","CAMBRIDGE","","","01223 508900","","The Leys And St Faith's Schools Foundation","The Leys School,
Trumpington Road,
Cambridge,
Cambridgeshire,
United Kingdom,
CB2 7AD","07748737","1,
85200,
85310",18.2,27.1,0,0,0,0,29.4,70.6,31.7,68.3,31.7,68.3,56.9,43.1,"http://www.theleys.net/413/about-us/policies","","250 to 499","The Leys And St Faith's Schools Foundation","False"
"1144035","4","THE WAR MEMORIAL FUND                                                                                                                                 ","RM","DECLARATION OF TRUST EXECUTED 12 MARCH 1949 AMENDED BY SUPPLEMENTAL DEED EXECUTED 4 DECEMBER 1993;","NOT DEFINED","","F","","","","","","","","","","The Leys And St Faith's Schools Foundation","The Leys School,
Trumpington Road,
Cambridge,
Cambridgeshire,
United Kingdom,
CB2 7AD","07748737","1,
85200,
85310",18.2,27.1,0,0,0,0,29.4,70.6,31.7,68.3,31.7,68.3,56.9,43.1,"http://www.theleys.net/413/about-us/policies","","250 to 499","The Leys And St Faith's Schools Foundation","False"
"1144035","1","THE LEYS AND SAINT FAITH'S SCHOOLS FOUNDATION,                                                                                                        ","R","SCHEME DATED 30/12/2011;","NOT DEFINED","","F","","MR P D MCKEOWN BA","THE LEYS SCHOOL","FEN CAUSEWAY","CAMBRIDGE","","","01223 508 900","","The Leys And St Faith's Schools Foundation","The Leys School,
Trumpington Road,
Cambridge,
Cambridgeshire,
United Kingdom,
CB2 7AD","07748737","1,
85200,
85310",18.2,27.1,0,0,0,0,29.4,70.6,31.7,68.3,31.7,68.3,56.9,43.1,"http://www.theleys.net/413/about-us/policies","","250 to 499","The Leys And St Faith's Schools Foundation","False"
"1144035","3","THE LEYS SCHOOL ENDOWMENT FUND                                                                                                                        ","R","DECLARATION OF TRUST DATED 14 NOV. 1923;","NOT DEFINED","","F","","","","","","","","","","The Leys And St Faith's Schools Foundation","The Leys School,
Trumpington Road,
Cambridge,
Cambridgeshire,
United Kingdom,
CB2 7AD","07748737","1,
85200,
85310",18.2,27.1,0,0,0,0,29.4,70.6,31.7,68.3,31.7,68.3,56.9,43.1,"http://www.theleys.net/413/about-us/policies","","250 to 499","The Leys And St Faith's Schools Foundation","False"
"1144035","5","HOLLOWAY MEMORIAL FUND                                                                                                                                ","R","TRUST DEED DATED 27 NOVEMBER 1919;","CAMBRIDGE","","F","","","","","","","","","","The Leys And St Faith's Schools Foundation","The Leys School,
Trumpington Road,
Cambridge,
Cambridgeshire,
United Kingdom,
CB2 7AD","07748737","1,
85200,
85310",18.2,27.1,0,0,0,0,29.4,70.6,31.7,68.3,31.7,68.3,56.9,43.1,"http://www.theleys.net/413/about-us/policies","","250 to 499","The Leys And St Faith's Schools Foundation","False"
"1144035","2","THE LEYS SCHOOL MEMORIAL SCHOLARSHIP FUND                                                                                                             ","R","DECLARATION OF TRUST DATED 28 MAY 1919;","NOT DEFINED","","F","","","","","","","","","","The Leys And St Faith's Schools Foundation","The Leys School,
Trumpington Road,
Cambridge,
Cambridgeshire,
United Kingdom,
CB2 7AD","07748737","1,
85200,
85310",18.2,27.1,0,0,0,0,29.4,70.6,31.7,68.3,31.7,68.3,56.9,43.1,"http://www.theleys.net/413/about-us/policies","","250 to 499","The Leys And St Faith's Schools Foundation","False"
"1145138","0","RATHBONE TRAINING","R","MEMORANDUM  AND ARTICLES INCORPORATED 01/11/2011&#x0D;
AS AMENDED BY CERTIFICATE OF INCORPORATION ON CHANGE OF NAME DATED 09/01/2012;","","","F","","JOANNE ASKIN","NEWCASTLE COLLEGE                  ","SCOTSWOOD ROAD                     ","NEWCASTLE UPON TYNE                ","","","07734 875055           ","","RATHBONE TRAINING ","Newcastle College Rye Hill Campus, Scotswood Road,
Newcastle Upon Tyne,
Tyne & Wear,
NE4 7SA","07830590","85310,
85320,
85590",8.4,1.3,0,0,0,0,18,82,32,68,18,82,44,56,"https://www.ncgrp.co.uk/","Amanda White (HR Director)","250 to 499","RATHBONE TRAINING ","False"
"1146792","0","CANAL & RIVER TRUST                                                                                                                                   ","R","MEMORANDUM  AND ARTICLES INCORPORATED 12/10/2011&#x0D;
AS AMENDED BY SPECIAL RESOLUTION(S) DATED 27/03/2012;","ENGLAND AND WALES","","F","","MR Tom Deards","CANAL & RIVER TRUST                ","STATION HOUSE                      ","500 ELDER GATE                     ","MILTON KEYNES                      ","","0113 281 6816                      ","","Canal & River Trust","First Floor North Station House,
500 Elder Gate,
Milton Keynes,
United Kingdom,
MK9 1BB","07807276","36000,
52220,
91020,
91030",-3.6,-13.8,3.6,34.5,39.6,44,71.5,28.5,83.2,16.8,66.4,33.6,70.8,29.2,"https://canalrivertrust.org.uk/media/original/35628-canal-and-river-trust-gender-pay-gap-compliance-statement-as-of-5-april-2017.pdf","Richard Parry (CEO)","1000 to 4999","Canal & River Trust","False"
"1146792","2","WATERWAYS INFRASTRUCTURE TRUST                                                                                                                        ","R","TRUST DEED DATED 28 JUN 2012;","","","F","","CANAL & RIVER TRUST","FIRST FLOOR NORTH","STATION HOUSE","500 ELDER GATE","MILTON KEYNES","","0303 040 4040","","Canal & River Trust","First Floor North Station House,
500 Elder Gate,
Milton Keynes,
United Kingdom,
MK9 1BB","07807276","36000,
52220,
91020,
91030",-3.6,-13.8,3.6,34.5,39.6,44,71.5,28.5,83.2,16.8,66.4,33.6,70.8,29.2,"https://canalrivertrust.org.uk/media/original/35628-canal-and-river-trust-gender-pay-gap-compliance-statement-as-of-5-april-2017.pdf","Richard Parry (CEO)","1000 to 4999","Canal & River Trust","False"
"1147014","0","BIRMINGHAM MUSEUMS TRUST","R","MEMORANDUM  AND ARTICLES INCORPORATED 11/08/2011&#x0D;
AS AMENDED BY SPECIAL RESOLUTION(S) DATED 26/01/2012&#x0D;
AS AMENDED BY CERTIFICATE OF INCORPORATION ON CHANGE OF NAME DATED 12/07/2012;","","","F","","Judith Wilson","BIRMINGHAM MUSEUM & ART GALLERY","CHAMBERLAIN SQUARE","BIRMINGHAM","","","0121 202 2294/ 0121 464 2687       ","","Birmingham Museums Trust","Birmingham Museum And Art Gallery,
Chamberlain Square,
Birmingham,
United Kingdom,
B3 3DH","07737797","91020",-3.7,3.8,0,0,0,0,39.5,60.5,31.2,68.8,38.8,61.2,36.7,63.3,"http://www.birminghammuseums.org.uk/about/our-organisation/policies-plans-and-reports","Robert Phillips (Human Resources Manager)","250 to 499","Birmingham Museums Trust","False"
"1147280","21","WILLIAM A TURNBULL PRIZES                                                                                                                             ","RM","DECLARATION OF TRUST OF 8 JUNE 1949 (REGISTRATION DATE NOT KNOWN RECORDED AS MAIN CHARITY DATE) AS AMENDED BY RESOLUTION MADE UNDER S.74 OF THE CHARITIES ACT 1993 (AS AMENDED BY CHARITIES ACT 2006);","NOT DEFINED","","F","","","","","","","","","","Uppingham School","Uppingham School,
High Street West,
Uppingham,
Rutland,
United Kingdom,
LE15 9QD","08013826","85310",32.6,49.5,-18.3,0,1.7,1.4,20.7,79.3,35.2,64.8,42.8,57.2,61,39,"https://uppingham.fluencycms.co.uk/Gender-Pay-Gap-Report","Stephen Taylor (Bursar)","500 to 999","Uppingham School","False"
"1147280","39","NEWTON PRIZE FUND                                                                                                                                     ","RM","DECLARATION OF TRUST DATED 18 MARCH 1964 AS AMENDED BY RESOLUTION MADE UNDER S.74 OF THE CHARITIES ACT 1993 (AS AMENDED BY CHARITIES ACT 2006);","NOT DEFINED","","F","","","","","","","","","","Uppingham School","Uppingham School,
High Street West,
Uppingham,
Rutland,
United Kingdom,
LE15 9QD","08013826","85310",32.6,49.5,-18.3,0,1.7,1.4,20.7,79.3,35.2,64.8,42.8,57.2,61,39,"https://uppingham.fluencycms.co.uk/Gender-Pay-Gap-Report","Stephen Taylor (Bursar)","500 to 999","Uppingham School","False"
"1147280","16","CYRIL BUTCHER EXHIBITION                                                                                                                              ","RM","TRUST DEED DATED 10 JANUARY 1945 (REGISTRATION DATE NOT KNOWN RECORDED AS MAIN CHARITY DATE) AS AMENDED BY RESOLUTION MADE UNDER S.74 OF THE CHARITIES ACT 1993 (AS AMENDED BY CHARITIES ACT 2006);","NOT DEFINED","","F","","","","","","","","","","Uppingham School","Uppingham School,
High Street West,
Uppingham,
Rutland,
United Kingdom,
LE15 9QD","08013826","85310",32.6,49.5,-18.3,0,1.7,1.4,20.7,79.3,35.2,64.8,42.8,57.2,61,39,"https://uppingham.fluencycms.co.uk/Gender-Pay-Gap-Report","Stephen Taylor (Bursar)","500 to 999","Uppingham School","False"
"1147280","20","CROSTHWAITE MUSIC PRIZE                                                                                                                               ","RM","TRUST DATED 19 AUGUST 1947 (REGISTRATION DATE NOT KNOWN RECORDED AS MAIN CHARITY DATE) AS AMENDED BY RESOLUTION MADE UNDER S.74 OF THE CHARITIES ACT 1993 (AS AMENDED BY CHARITIES ACT 2006);","NOT DEFINED","","F","","","","","","","","","","Uppingham School","Uppingham School,
High Street West,
Uppingham,
Rutland,
United Kingdom,
LE15 9QD","08013826","85310",32.6,49.5,-18.3,0,1.7,1.4,20.7,79.3,35.2,64.8,42.8,57.2,61,39,"https://uppingham.fluencycms.co.uk/Gender-Pay-Gap-Report","Stephen Taylor (Bursar)","500 to 999","Uppingham School","False"
"1147280","25","THE CONSTABLE PRIZES                                                                                                                                  ","RM","TRUST DEED DATED 9 MAY 1950 (REGISTRATION DATE NOT KNOWN RECORDED AS MAIN CHARITY DATE) AS AMENDED BY RESOLUTION MADE UNDER S.74 OF THE CHARITIES ACT 1993 (AS AMENDED BY CHARITIES ACT 2006);","NOT DEFINED","","F","","","","","","","","","","Uppingham School","Uppingham School,
High Street West,
Uppingham,
Rutland,
United Kingdom,
LE15 9QD","08013826","85310",32.6,49.5,-18.3,0,1.7,1.4,20.7,79.3,35.2,64.8,42.8,57.2,61,39,"https://uppingham.fluencycms.co.uk/Gender-Pay-Gap-Report","Stephen Taylor (Bursar)","500 to 999","Uppingham School","False"
"1147280","36","YATES PRIZE                                                                                                                                           ","RM","TRUST DEED DATED 23 OCTOBER 1962 (REGISTRATION DATE NOT KNOWN RECORDED AS DATE OF GD) AS AMENDED BY RESOLUTION MADE UNDER S.74 OF THE CHARITIES ACT 1993 (AS AMENDED BY CHARITIES ACT 2006);","NOT DEFINED","","F","","","","","","","","","","Uppingham School","Uppingham School,
High Street West,
Uppingham,
Rutland,
United Kingdom,
LE15 9QD","08013826","85310",32.6,49.5,-18.3,0,1.7,1.4,20.7,79.3,35.2,64.8,42.8,57.2,61,39,"https://uppingham.fluencycms.co.uk/Gender-Pay-Gap-Report","Stephen Taylor (Bursar)","500 to 999","Uppingham School","False"
"1147280","9","DAVIES-COLLY HISTORY PRIZE                                                                                                                            ","RM","TRUST DEED DATED 2O AUGUST 1919 (REGISTRATION DATE NOT KNOWN RECORDED AS MAIN CHARITY DATE) AS AMENDED BY RESOLUTION MADE UNDER S.74 OF THE CHARITIES ACT 1993 (AS AMENDED BY CHARITIES ACT 2006);","NOT DEFINED","","F","","","","","","","","","","Uppingham School","Uppingham School,
High Street West,
Uppingham,
Rutland,
United Kingdom,
LE15 9QD","08013826","85310",32.6,49.5,-18.3,0,1.7,1.4,20.7,79.3,35.2,64.8,42.8,57.2,61,39,"https://uppingham.fluencycms.co.uk/Gender-Pay-Gap-Report","Stephen Taylor (Bursar)","500 to 999","Uppingham School","False"
"1147280","10","THOMSON MEMORIAL ENTRANCE SCHOLARSHIP                                                                                                                 ","RM","TRUST DEED DATED 17 SEPTEMBER 1919 (REGISTRATION DATE NOT KNOWN RECORDED AS MAIN CHARITY DATE) AS AMENDED BY RESOLUTION MADE UNDER S.74 OF THE CHARITIES ACT 1993 (AS AMENDED BY CHARITIES ACT 2006);","NOT DEFINED","","F","","","","","","","","","","Uppingham School","Uppingham School,
High Street West,
Uppingham,
Rutland,
United Kingdom,
LE15 9QD","08013826","85310",32.6,49.5,-18.3,0,1.7,1.4,20.7,79.3,35.2,64.8,42.8,57.2,61,39,"https://uppingham.fluencycms.co.uk/Gender-Pay-Gap-Report","Stephen Taylor (Bursar)","500 to 999","Uppingham School","False"
"1147280","19","THE BORTH PRIZE                                                                                                                                       ","RM","WILL PROVED 1 JULY 1947 (SEE LETTER FROM BARCLAYS BANK LIMITED DATED 11 JULY 1946 (REGISTRATION DATE NOT KNOWN RECORDED AS MAIN CHARITY DATE)   AS AMENDED BY RESOLUTION MADE UNDER S.74 OF THE CHARITIES ACT 1993 (AS AMENDED BY CHARITIES ACT 2006);","NOT DEFINED","","F","","","","","","","","","","Uppingham School","Uppingham School,
High Street West,
Uppingham,
Rutland,
United Kingdom,
LE15 9QD","08013826","85310",32.6,49.5,-18.3,0,1.7,1.4,20.7,79.3,35.2,64.8,42.8,57.2,61,39,"https://uppingham.fluencycms.co.uk/Gender-Pay-Gap-Report","Stephen Taylor (Bursar)","500 to 999","Uppingham School","False"
"1147280","28","NIGHTINGALE PRIZE FOR SCIENCE                                                                                                                         ","RM","NO TRUST INSTRUMENT (SEE EXTRACT FROM BURSAR'S LETTER OF 28 JULY 1952) (REGISTRATION DATE NOT KNOWN RECORDED AS MAIN CHARITY DATE) AS AMENDED BY RESOLUTION MADE UNDER S.74 OF THE CHARITIES ACT 1993 (AS AMENDED BY CHARITIES ACT 2006);","NOT DEFINED","","F","","","","","","","","","","Uppingham School","Uppingham School,
High Street West,
Uppingham,
Rutland,
United Kingdom,
LE15 9QD","08013826","85310",32.6,49.5,-18.3,0,1.7,1.4,20.7,79.3,35.2,64.8,42.8,57.2,61,39,"https://uppingham.fluencycms.co.uk/Gender-Pay-Gap-Report","Stephen Taylor (Bursar)","500 to 999","Uppingham School","False"
"1147280","41","GRAHAM WILLIAMS PRIZE FOR DIVINITY                                                                                                                    ","RM","DECLARATION OF TRUST OF 5 DECEMBER 1972 DATE (DATE OF REGISTRATION NOT KNOWN RECORDED AS DATE OF GD) AS AMENDED BY RESOLUTION MADE UNDER S.74 OF THE CHARITIES ACT 1993 (AS AMENDED BY CHARITIES ACT 2006);","NOT DEFINED","","F","","","","","","","","","","Uppingham School","Uppingham School,
High Street West,
Uppingham,
Rutland,
United Kingdom,
LE15 9QD","08013826","85310",32.6,49.5,-18.3,0,1.7,1.4,20.7,79.3,35.2,64.8,42.8,57.2,61,39,"https://uppingham.fluencycms.co.uk/Gender-Pay-Gap-Report","Stephen Taylor (Bursar)","500 to 999","Uppingham School","False"
"1147280","3","ARCHDEACON ROBERT JOHNSON TRUST","R","SCHEME DATED 08/12/1961&#x0D;
AS AMENDED BY SCHEME DATED 15/09/1975&#x0D;
AS AMENDED BY SCHEME DATED 13/05/1987&#x0D;
AS AMENDED BY SCHEME DATED 13/05/2004&#x0D;
RESOLUTION DATED 14/06/2008&#x0D;
RESOLUTION DATED 23/03/2009&#x0D;
RESOLUTION DATED 26/03/2011&#x0D;
AS AMENDED BY RESOLUTION DATED 18/06/2011&#x0D;
AS AMENDED BY ORDER DATED 24/07/2012&#x0D;
AS AMENDED BY RESOLUTION DATED 23/06/2012;","NOT DEFINED.","","F","","MR STEPHEN CHARLES TAYLOR","Uppingham School","19 High Street West","Uppingham","Oakham","","01572 822216","","Uppingham School","Uppingham School,
High Street West,
Uppingham,
Rutland,
United Kingdom,
LE15 9QD","08013826","85310",32.6,49.5,-18.3,0,1.7,1.4,20.7,79.3,35.2,64.8,42.8,57.2,61,39,"https://uppingham.fluencycms.co.uk/Gender-Pay-Gap-Report","Stephen Taylor (Bursar)","500 to 999","Uppingham School","False"
"1147280","31","PARMITER PRIZE                                                                                                                                        ","RM","NO TRUST INSTRUMENT (SEE EXTRACT FROM BURSAR'S LETTER OF 21 OCTOBER 1957) (REGISTRATION DATE NOT KNOWN RECORDED AS MAIN CHARITY DATE) AS AMENDED BY RESOLUTION MADE UNDER S.74 OF THE CHARITIES ACT 1993 (AS AMENDED BY CHARITIES ACT 2006);","NOT DEFINED","","F","","","","","","","","","","Uppingham School","Uppingham School,
High Street West,
Uppingham,
Rutland,
United Kingdom,
LE15 9QD","08013826","85310",32.6,49.5,-18.3,0,1.7,1.4,20.7,79.3,35.2,64.8,42.8,57.2,61,39,"https://uppingham.fluencycms.co.uk/Gender-Pay-Gap-Report","Stephen Taylor (Bursar)","500 to 999","Uppingham School","False"
"1147280","13","RAWNSLEY BEQUEST                                                                                                                                      ","RM","WILL PROVED 23 JULY 1927 (REGISTRATION DATE NOT KNOWN RECORDED AS MAIN CHARITY DATE) AS AMENDED BY RESOLUTION MADE UNDER S.74 OF THE CHARITIES ACT 1993 (AS AMENDED BY CHARITIES ACT 2006);","NOT DEFINED","","F","","","","","","","","","","Uppingham School","Uppingham School,
High Street West,
Uppingham,
Rutland,
United Kingdom,
LE15 9QD","08013826","85310",32.6,49.5,-18.3,0,1.7,1.4,20.7,79.3,35.2,64.8,42.8,57.2,61,39,"https://uppingham.fluencycms.co.uk/Gender-Pay-Gap-Report","Stephen Taylor (Bursar)","500 to 999","Uppingham School","False"
"1147280","38","IAN CADBURY TRAVEL GRANT FUND                                                                                                                         ","RM","TRUST DEED DATED 30 NOVEMBER 1968 AS AMENDED BY RESOLUTION MADE UNDER S.74 OF THE CHARITIES ACT 1993 (AS AMENDED BY CHARITIES ACT 2006);","NOT DEFINED","","F","","","","","","","","","","Uppingham School","Uppingham School,
High Street West,
Uppingham,
Rutland,
United Kingdom,
LE15 9QD","08013826","85310",32.6,49.5,-18.3,0,1.7,1.4,20.7,79.3,35.2,64.8,42.8,57.2,61,39,"https://uppingham.fluencycms.co.uk/Gender-Pay-Gap-Report","Stephen Taylor (Bursar)","500 to 999","Uppingham School","False"
"1147280","5","ALLIN SCHOLARSHIP OR EXHIBITION                                                                                                                       ","RM","WILL PROVED 3 FEBRUARY 1897 (REGISTRATION DATE NOT KNOWN RECORDED AS MAIN CHARITY DATE) AS AMENDED BY RESOLUTION MADE UNDER S.74 OF THE CHARITIES ACT 1993 (AS AMENDED BY CHARITIES ACT 2006);","NOT DEFINED","","F","","","","","","","","","","Uppingham School","Uppingham School,
High Street West,
Uppingham,
Rutland,
United Kingdom,
LE15 9QD","08013826","85310",32.6,49.5,-18.3,0,1.7,1.4,20.7,79.3,35.2,64.8,42.8,57.2,61,39,"https://uppingham.fluencycms.co.uk/Gender-Pay-Gap-Report","Stephen Taylor (Bursar)","500 to 999","Uppingham School","False"
"1147280","6","RICHARD HARMAN PRIZE FUND                                                                                                                             ","RM","TRUST DEED DATED 4 AUGUST 1905 (REGISTRATION DATE NOT KNOWN RECORDED AS MAIN CHARITY DATE) AS AMENDED BY RESOLUTION MADE UNDER S.74 OF THE CHARITIES ACT 1993 (AS AMENDED BY CHARITIES ACT 2006);","NOT DEFINED","","F","","","","","","","","","","Uppingham School","Uppingham School,
High Street West,
Uppingham,
Rutland,
United Kingdom,
LE15 9QD","08013826","85310",32.6,49.5,-18.3,0,1.7,1.4,20.7,79.3,35.2,64.8,42.8,57.2,61,39,"https://uppingham.fluencycms.co.uk/Gender-Pay-Gap-Report","Stephen Taylor (Bursar)","500 to 999","Uppingham School","False"
"1147280","22","GWYTHER BEQUEST                                                                                                                                       ","RM","WILL PROVED 8 AUGUST 1949 (SEE LETTER DATED 7 JUNE 1951 (REGISTRATION DATE NOT KNOWN RECORDED AS MAIN CHARITY DATE) AS AMENDED BY RESOLUTION MADE UNDER S.74 OF THE CHARITIES ACT 1993 (AS AMENDED BY CHARITIES ACT 2006);","NOT DEFINED","","F","","","","","","","","","","Uppingham School","Uppingham School,
High Street West,
Uppingham,
Rutland,
United Kingdom,
LE15 9QD","08013826","85310",32.6,49.5,-18.3,0,1.7,1.4,20.7,79.3,35.2,64.8,42.8,57.2,61,39,"https://uppingham.fluencycms.co.uk/Gender-Pay-Gap-Report","Stephen Taylor (Bursar)","500 to 999","Uppingham School","False"
"1147280","1","UPPINGHAM SCHOOL DEVELOPMENT TRUST","RM","TRUST DEED DATED 01/05/1967&#x0D;
AS AMENDED BY ORDER DATED 24/07/2012;","NOT DEFINED","","F","","","","","","","","","","Uppingham School","Uppingham School,
High Street West,
Uppingham,
Rutland,
United Kingdom,
LE15 9QD","08013826","85310",32.6,49.5,-18.3,0,1.7,1.4,20.7,79.3,35.2,64.8,42.8,57.2,61,39,"https://uppingham.fluencycms.co.uk/Gender-Pay-Gap-Report","Stephen Taylor (Bursar)","500 to 999","Uppingham School","False"
"1147280","0","UPPINGHAM SCHOOL                                                                                                                                      ","R","MEMORANDUM  AND ARTICLES INCORPORATED 30 MAR 2012;","","","F","","MR STEPHEN TAYLOR","Uppingham School                   ","20-24 High Street West             ","Uppingham                          ","Oakham                             ","","01572 820626","","Uppingham School","Uppingham School,
High Street West,
Uppingham,
Rutland,
United Kingdom,
LE15 9QD","08013826","85310",32.6,49.5,-18.3,0,1.7,1.4,20.7,79.3,35.2,64.8,42.8,57.2,61,39,"https://uppingham.fluencycms.co.uk/Gender-Pay-Gap-Report","Stephen Taylor (Bursar)","500 to 999","Uppingham School","False"
"1147280","11","ROY SWEET SCHOLARSHIP                                                                                                                                 ","RM","TRUST DATED 25 NOVEMBER 1919 (REGISTRATION DATE NOT KNOWN RECORDED AS MAIN CHARITY DATE) AS AMENDED BY RESOLUTION MADE UNDER S.74 OF THE CHARITIES ACT 1993 (AS AMENDED BY CHARITIES ACT 2006);","NOT DEFINED","","F","","","","","","","","","","Uppingham School","Uppingham School,
High Street West,
Uppingham,
Rutland,
United Kingdom,
LE15 9QD","08013826","85310",32.6,49.5,-18.3,0,1.7,1.4,20.7,79.3,35.2,64.8,42.8,57.2,61,39,"https://uppingham.fluencycms.co.uk/Gender-Pay-Gap-Report","Stephen Taylor (Bursar)","500 to 999","Uppingham School","False"
"1147280","18","WILLIAM ELLIS BEQUEST                                                                                                                                 ","RM","WILL PROVED 22 SEPTEMBER 1945 (SEE EXTRACT FROM BURSAR'S LETTERS OF 4 OCTOBER 1945 AND 14 JUNE 1952  AS AMENDED BY RESOLUTION MADE UNDER S.74 OF THE CHARITIES ACT 1993 (AS AMENDED BY CHARITIES ACT 2006);","NOT DEFINED","","F","","","","","","","","","","Uppingham School","Uppingham School,
High Street West,
Uppingham,
Rutland,
United Kingdom,
LE15 9QD","08013826","85310",32.6,49.5,-18.3,0,1.7,1.4,20.7,79.3,35.2,64.8,42.8,57.2,61,39,"https://uppingham.fluencycms.co.uk/Gender-Pay-Gap-Report","Stephen Taylor (Bursar)","500 to 999","Uppingham School","False"
"1147280","27","THRING CENTENARY FUND                                                                                                                                 ","RM","TRUST DEED DATED 11 JUNE 1951 (REGISTRATION DATE NOT KNOWN RECORDED AS MAIN CHARITY DATE) AS AMENDED BY RESOLUTION MADE UNDER S.74 OF THE CHARITIES ACT 1993 (AS AMENDED BY CHARITIES ACT 2006);","NOT DEFINED","","F","","","","","","","","","","Uppingham School","Uppingham School,
High Street West,
Uppingham,
Rutland,
United Kingdom,
LE15 9QD","08013826","85310",32.6,49.5,-18.3,0,1.7,1.4,20.7,79.3,35.2,64.8,42.8,57.2,61,39,"https://uppingham.fluencycms.co.uk/Gender-Pay-Gap-Report","Stephen Taylor (Bursar)","500 to 999","Uppingham School","False"
"1147280","34","THE H W H BOTHAMBY BEQUEST                                                                                                                            ","RM","WILL, DATE UNKNOWN (SEE EXTRACT FROM THE BURSAR DATED 20 MARCH 1962 (REGISTRATION DATE NOT KNOWN RECORDED AS MAIN CHARITY DATE) AS AMENDED BY RESOLUTION MADE UNDER S.74 OF THE CHARITIES ACT 1993 (AS AMENDED BY CHARITIES ACT 2006);","NOT DEFINED","","F","","","","","","","","","","Uppingham School","Uppingham School,
High Street West,
Uppingham,
Rutland,
United Kingdom,
LE15 9QD","08013826","85310",32.6,49.5,-18.3,0,1.7,1.4,20.7,79.3,35.2,64.8,42.8,57.2,61,39,"https://uppingham.fluencycms.co.uk/Gender-Pay-Gap-Report","Stephen Taylor (Bursar)","500 to 999","Uppingham School","False"
"1147280","42","HOWARD FIGGIS EXHIBITION                                                                                                                              ","RM","TRUST DEED DATED 22 DECEMBER 1932;","NOT DEFINED","","F","","","","","","","","","","Uppingham School","Uppingham School,
High Street West,
Uppingham,
Rutland,
United Kingdom,
LE15 9QD","08013826","85310",32.6,49.5,-18.3,0,1.7,1.4,20.7,79.3,35.2,64.8,42.8,57.2,61,39,"https://uppingham.fluencycms.co.uk/Gender-Pay-Gap-Report","Stephen Taylor (Bursar)","500 to 999","Uppingham School","False"
"1147280","12","FIGGIS POWELL EXHIBITION                                                                                                                              ","RM","INDENTURE DATED 23 OCTOBER 1925 (REGISTRATION DATE NOT KNOWN RECORDED AS MAIN CHARITY DATE) AS AMENDED BY SECTION 75 RES EFFECTIVE 20 JANUARY 2005;","NOT DEFINED","","F","","","","","","","","","","Uppingham School","Uppingham School,
High Street West,
Uppingham,
Rutland,
United Kingdom,
LE15 9QD","08013826","85310",32.6,49.5,-18.3,0,1.7,1.4,20.7,79.3,35.2,64.8,42.8,57.2,61,39,"https://uppingham.fluencycms.co.uk/Gender-Pay-Gap-Report","Stephen Taylor (Bursar)","500 to 999","Uppingham School","False"
"1147280","14","OWEN PRIZE FOR LATIN HEXAMETERS                                                                                                                       ","RM","TRUST DEED DATED 27 MARCH 1934 (REGISTRATION DATE NOT KNOWN RECORDED AS MAIN CHARITY DATE) AS AMENDED BY RESOLUTION MADE UNDER S.74 OF THE CHARITIES ACT 1993 (AS AMENDED BY CHARITIES ACT 2006);","NOT DEFINED","","F","","","","","","","","","","Uppingham School","Uppingham School,
High Street West,
Uppingham,
Rutland,
United Kingdom,
LE15 9QD","08013826","85310",32.6,49.5,-18.3,0,1.7,1.4,20.7,79.3,35.2,64.8,42.8,57.2,61,39,"https://uppingham.fluencycms.co.uk/Gender-Pay-Gap-Report","Stephen Taylor (Bursar)","500 to 999","Uppingham School","False"
"1147280","26","THE EDUCATIONAL FUND                                                                                                                                  ","RM","NO TRUST INSTRUMENT, (SEE EXTRACT FROM BURSAR'S LETTERS OF 18 MAY AND 7 JUNE 1951 (REGISTRATION DATE NOT KNOWN RECORDED AS MAIN CHARITY DATE) AS AMENDED BY RESOLUTION MADE UNDER S.74 OF THE CHARITIES ACT 1993 (AS AMENDED BY CHARITIES ACT 2006);","NOT DEFINED","","F","","","","","","","","","","Uppingham School","Uppingham School,
High Street West,
Uppingham,
Rutland,
United Kingdom,
LE15 9QD","08013826","85310",32.6,49.5,-18.3,0,1.7,1.4,20.7,79.3,35.2,64.8,42.8,57.2,61,39,"https://uppingham.fluencycms.co.uk/Gender-Pay-Gap-Report","Stephen Taylor (Bursar)","500 to 999","Uppingham School","False"
"1147280","29","COPE PRIZE FOR ENGLISH LITERATURE                                                                                                                     ","RM","TRUST DEED DATED 28 FEBRUARY 1956 (REGISTRATION DATE NOT KNOWN RECORDED AS MAIN CHARITY DATE) AS AMENDED BY RESOLUTION MADE UNDER S.74 OF THE CHARITIES ACT 1993 (AS AMENDED BY CHARITIES ACT 2006);","NOT DEFINED","","F","","","","","","","","","","Uppingham School","Uppingham School,
High Street West,
Uppingham,
Rutland,
United Kingdom,
LE15 9QD","08013826","85310",32.6,49.5,-18.3,0,1.7,1.4,20.7,79.3,35.2,64.8,42.8,57.2,61,39,"https://uppingham.fluencycms.co.uk/Gender-Pay-Gap-Report","Stephen Taylor (Bursar)","500 to 999","Uppingham School","False"
"1147280","30","IVOR RAMSAY PRIZE FOR SCRIPTURE OR FOR ENGLISH LITERATURE                                                                                             ","RM","TRUST DEED DATED 9 OCTOBER 1956 (REGISTRATION DATE NOT KNOWN RECORDED AS MAIN CHARITY DATE) AS AMENDED BY RESOLUTION MADE UNDER S.74 OF THE CHARITIES ACT 1993 (AS AMENDED BY CHARITIES ACT 2006);","NOT DEFINED","","F","","","","","","","","","","Uppingham School","Uppingham School,
High Street West,
Uppingham,
Rutland,
United Kingdom,
LE15 9QD","08013826","85310",32.6,49.5,-18.3,0,1.7,1.4,20.7,79.3,35.2,64.8,42.8,57.2,61,39,"https://uppingham.fluencycms.co.uk/Gender-Pay-Gap-Report","Stephen Taylor (Bursar)","500 to 999","Uppingham School","False"
"1147280","32","SELWYN PRIZE                                                                                                                                          ","RM","NO TRUST INSTRUMENT (SEE EXTRACT FROM BURSAR'S LETTER OF 21 OCTOBER 1957) (REGISTRATION DATE NOT KNOWN RECORDED AS MAIN CHARITY DATE) AS AMENDED BY RESOLUTION MADE UNDER S.74 OF THE CHARITIES ACT 1993 (AS AMENDED BY CHARITIES ACT 2006);","NOT DEFINED","","F","","","","","","","","","","Uppingham School","Uppingham School,
High Street West,
Uppingham,
Rutland,
United Kingdom,
LE15 9QD","08013826","85310",32.6,49.5,-18.3,0,1.7,1.4,20.7,79.3,35.2,64.8,42.8,57.2,61,39,"https://uppingham.fluencycms.co.uk/Gender-Pay-Gap-Report","Stephen Taylor (Bursar)","500 to 999","Uppingham School","False"
"1147280","15","HASELGROVE EXHIBITION                                                                                                                                 ","RM","EXTRACT FROM THE BURSAR'S LETTER OF 5 MAY 1953 (REGISTRATION DATE NOT KNOWN RECORDED AS MAIN CHARITY DATE) AS AMENDED BY RESOLUTION MADE UNDER S.74 OF THE CHARITIES ACT 1993 (AS AMENDED BY CHARITIES ACT 2006);","NOT DEFINED","","F","","","","","","","","","","Uppingham School","Uppingham School,
High Street West,
Uppingham,
Rutland,
United Kingdom,
LE15 9QD","08013826","85310",32.6,49.5,-18.3,0,1.7,1.4,20.7,79.3,35.2,64.8,42.8,57.2,61,39,"https://uppingham.fluencycms.co.uk/Gender-Pay-Gap-Report","Stephen Taylor (Bursar)","500 to 999","Uppingham School","False"
"1147280","2","UPPINGHAM SCHOOL ASSISTANT MASTERS GAFFIKIN FUND                                                                                                      ","R","TRUST DEED DATED 11/03/1920&#x0D;
AS AMENDED BY ORDER DATED 24/07/2012;","LEICESTERSHIRE","","F","","","","","","","","","","Uppingham School","Uppingham School,
High Street West,
Uppingham,
Rutland,
United Kingdom,
LE15 9QD","08013826","85310",32.6,49.5,-18.3,0,1.7,1.4,20.7,79.3,35.2,64.8,42.8,57.2,61,39,"https://uppingham.fluencycms.co.uk/Gender-Pay-Gap-Report","Stephen Taylor (Bursar)","500 to 999","Uppingham School","False"
"1147280","35","PERCY CHAPMAN EXHIBITION                                                                                                                              ","RM","WILL, DATE UNKNOWN (SEE BURSAR'S LETTER DATED 28 NOVEMBER 1961) (REGISTRATION DATE NOT KNOWN RECORDED AS MAIN CHARITY DATE) AS AMENDED BY RESOLUTION MADE UNDER S.74 OF THE CHARITIES ACT 1993 (AS AMENDED BY CHARITIES ACT 2006);","NOT DEFINED","","F","","","","","","","","","","Uppingham School","Uppingham School,
High Street West,
Uppingham,
Rutland,
United Kingdom,
LE15 9QD","08013826","85310",32.6,49.5,-18.3,0,1.7,1.4,20.7,79.3,35.2,64.8,42.8,57.2,61,39,"https://uppingham.fluencycms.co.uk/Gender-Pay-Gap-Report","Stephen Taylor (Bursar)","500 to 999","Uppingham School","False"
"1147280","8","LOWER SCHOOL MUSIC MEDAL                                                                                                                              ","RM","TRUST DEED DATED 23 SEPTEMBER 1918 (REGISTRATION DATE NOT KNOWN RECORDED AS MAIN CHARITY DATE) AS AMENDED BY RESOLUTION MADE UNDER S.74 OF THE CHARITIES ACT 1993 (AS AMENDED BY CHARITIES ACT 2006);","NOT DEFINED","","F","","","","","","","","","","Uppingham School","Uppingham School,
High Street West,
Uppingham,
Rutland,
United Kingdom,
LE15 9QD","08013826","85310",32.6,49.5,-18.3,0,1.7,1.4,20.7,79.3,35.2,64.8,42.8,57.2,61,39,"https://uppingham.fluencycms.co.uk/Gender-Pay-Gap-Report","Stephen Taylor (Bursar)","500 to 999","Uppingham School","False"
"1147280","17","STERNDALE BENNETT PRIZE                                                                                                                               ","RM","TRUST DEED DATED 13 AUGUST 1945 (REGISTRATION DATE NOT KNOWN RECORDED AS MAIN CHARITY DATE) AS AMENDED BY RESOLUTION MADE UNDER S.74 OF THE CHARITIES ACT 1993 (AS AMENDED BY CHARITIES ACT 2006);","NOT DEFINED","","F","","","","","","","","","","Uppingham School","Uppingham School,
High Street West,
Uppingham,
Rutland,
United Kingdom,
LE15 9QD","08013826","85310",32.6,49.5,-18.3,0,1.7,1.4,20.7,79.3,35.2,64.8,42.8,57.2,61,39,"https://uppingham.fluencycms.co.uk/Gender-Pay-Gap-Report","Stephen Taylor (Bursar)","500 to 999","Uppingham School","False"
"1147280","33","AUGMENTATION OF GUYTHER BEQUEST                                                                                                                       ","RM","TRUST DEED DATED 21 MAY 1958 (REGISTRATION DATE NOT KNOWN RECORDED AS MAIN CHARITY DATE) AS AMENDED BY RESOLUTION MADE UNDER S.74 OF THE CHARITIES ACT 1993 (AS AMENDED BY CHARITIES ACT 2006);","NOT DEFINED","","F","","","","","","","","","","Uppingham School","Uppingham School,
High Street West,
Uppingham,
Rutland,
United Kingdom,
LE15 9QD","08013826","85310",32.6,49.5,-18.3,0,1.7,1.4,20.7,79.3,35.2,64.8,42.8,57.2,61,39,"https://uppingham.fluencycms.co.uk/Gender-Pay-Gap-Report","Stephen Taylor (Bursar)","500 to 999","Uppingham School","False"
"1147280","23","EDWARD THRING EXHIBITIONS FUND                                                                                                                        ","RM","TRUST DEED 24 NOVEMBER 1949 (REGISTRATION DATE NOT KNOWN RECORDED AS MAIN CHARITY DATE) AS AMENDED BY RESOLUTION MADE UNDER S.74 OF THE CHARITIES ACT 1993 (AS AMENDED BY CHARITIES ACT 2006);","NOT DEFINED","","F","","","","","","","","","","Uppingham School","Uppingham School,
High Street West,
Uppingham,
Rutland,
United Kingdom,
LE15 9QD","08013826","85310",32.6,49.5,-18.3,0,1.7,1.4,20.7,79.3,35.2,64.8,42.8,57.2,61,39,"https://uppingham.fluencycms.co.uk/Gender-Pay-Gap-Report","Stephen Taylor (Bursar)","500 to 999","Uppingham School","False"
"1147280","24","HOWITT EXHIBITION FUND                                                                                                                                ","RM","TRUST DEED DATED 26 OCTOBER 1959 (REGISTRATION DATE NOT KNOWN RECORDED AS MAIN CHARITY DATE) AS AMENDED BY RESOLUTION MADE UNDER S.74 OF THE CHARITIES ACT 1993 (AS AMENDED BY CHARITIES ACT 2006);","NOT DEFINED","","F","","","","","","","","","","Uppingham School","Uppingham School,
High Street West,
Uppingham,
Rutland,
United Kingdom,
LE15 9QD","08013826","85310",32.6,49.5,-18.3,0,1.7,1.4,20.7,79.3,35.2,64.8,42.8,57.2,61,39,"https://uppingham.fluencycms.co.uk/Gender-Pay-Gap-Report","Stephen Taylor (Bursar)","500 to 999","Uppingham School","False"
"1147280","37","DAVIES BEQUEST FOR BURSARIES                                                                                                                          ","RM","WILL PROVED 26 APRIL. 1957 (REGISTRATION DATE NOT KNOWN RECORDED AS MAIN CHARITY DATE) AS AMENDED BY RESOLUTION MADE UNDER S.74 OF THE CHARITIES ACT 1993 (AS AMENDED BY CHARITIES ACT 2006);","NOT DEFINED","","F","","","","","","","","","","Uppingham School","Uppingham School,
High Street West,
Uppingham,
Rutland,
United Kingdom,
LE15 9QD","08013826","85310",32.6,49.5,-18.3,0,1.7,1.4,20.7,79.3,35.2,64.8,42.8,57.2,61,39,"https://uppingham.fluencycms.co.uk/Gender-Pay-Gap-Report","Stephen Taylor (Bursar)","500 to 999","Uppingham School","False"
"1147280","40","BOYLE PRIZE FOR SCIENCE                                                                                                                               ","RM","TRUST DEED DATED 6 JULY 1966 AS AMENDED BY RESOLUTION MADE UNDER S.74 OF THE CHARITIES ACT 1993 (AS AMENDED BY CHARITIES ACT 2006);","NOT DEFINED","","F","","","","","","","","","","Uppingham School","Uppingham School,
High Street West,
Uppingham,
Rutland,
United Kingdom,
LE15 9QD","08013826","85310",32.6,49.5,-18.3,0,1.7,1.4,20.7,79.3,35.2,64.8,42.8,57.2,61,39,"https://uppingham.fluencycms.co.uk/Gender-Pay-Gap-Report","Stephen Taylor (Bursar)","500 to 999","Uppingham School","False"
"1147280","4","R L NETTLESHIP MEMORIAL PRIZE                                                                                                                         ","RM","TRUST DEED DATED 10 JULY 1895 (REGISTRATION DATE NOT KNOWN RECORDED AS MAIN CHARITY DATE) AS AMENDED BY RESOLUTION MADE UNDER S.74 OF THE CHARITIES ACT 1993 (AS AMENDED BY CHARITIES ACT 2006);","NOT DEFINED","","F","","","","","","","","","","Uppingham School","Uppingham School,
High Street West,
Uppingham,
Rutland,
United Kingdom,
LE15 9QD","08013826","85310",32.6,49.5,-18.3,0,1.7,1.4,20.7,79.3,35.2,64.8,42.8,57.2,61,39,"https://uppingham.fluencycms.co.uk/Gender-Pay-Gap-Report","Stephen Taylor (Bursar)","500 to 999","Uppingham School","False"
"1147280","7","MCKENZIE PRIZE                                                                                                                                        ","RM","TRUST DEED DATED 20 JULY 1916 (REGISTRATION DATE NOT KNOWN RECORDED AS MAIN CHARITY DATE) AS AMENDED BY RESOLUTION MADE UNDER S.74 OF THE CHARITIES ACT 1993 (AS AMENDED BY CHARITIES ACT 2006);","NOT DEFINED","","F","","","","","","","","","","Uppingham School","Uppingham School,
High Street West,
Uppingham,
Rutland,
United Kingdom,
LE15 9QD","08013826","85310",32.6,49.5,-18.3,0,1.7,1.4,20.7,79.3,35.2,64.8,42.8,57.2,61,39,"https://uppingham.fluencycms.co.uk/Gender-Pay-Gap-Report","Stephen Taylor (Bursar)","500 to 999","Uppingham School","False"
"1147717","0","HARPER ADAMS UNIVERSITY","R","MEMORANDUM  AND ARTICLES AS REGISTERED AT COMPANIES HOUSE ON 09/01/2013;","THE UNITED KINGDOM OR IN ANY OTHER PART OF THE WORLD","","F","","DR CATHERINE BAXTER","HARPER ADAMS UNIVERSITY COLLEGE","EDGMOND","NEWPORT","","","01952 820280","","Harper Adams University","Harper Adams University,
Edgmond,
Newport,
TF10 8NB","08049710","1",27.7,37.4,100,100,0.2,0,17.4,82.6,34.8,65.2,40.4,59.6,62.1,37.9,"http://harper.ac.uk/gpg-report-2018","","500 to 999","Harper Adams University","False"
"1147896","0","SENTINEL LEISURE TRUST                                                                                                                                ","R","MEMORANDUM  AND ARTICLES INCORPORATED 08/02/2011&#x0D;
AS AMENDED BY SPECIAL RESOLUTION REGISTERED AT COMPANIES HOUSE ON 08/06/2012;","SUFFOLK
NORFOLK","","F","","MR Stuart Everett","Waterlane Leisure Centre           ","Water Lane                         ","Lowestoft                          ","","","01502 532542                       ","","SENTINEL LEISURE TRUST ","Water Lane Leisure Centre, Water Lane,
Lowestoft,
Suffolk,
NR32 2NH","07521701","93199",-16.1,-8.1,87.9,63.3,7,3,67,33,54,46,57,43,34,66,"http://www.sltrust.co.uk/genderpay/","Stuart Everett (Managing Director)","250 to 499","SENTINEL LEISURE TRUST ","False"
"1148683","0","UNIVERSITY OF SOUTHAMPTON STUDENTS' UNION                                                                                                             ","R","MEMORANDUM  AND ARTICLES INCORPORATED 17/04/2012;","LOCAL","","F","","MR Scott McCarthy","UNIVERSITY OF SOUTHAMPTON","UNIVERSITY ROAD","SOUTHAMPTON","","","02380 595215                       ","","University Of Southampton Students' Union","Building 42 University Road,
Southampton,
Hampshire,
United Kingdom,
SO17 1BJ","08034371","85600",7.1,0.4,58.2,21.5,12,19.2,35.6,64.4,23.6,76.4,33.3,66.7,37.2,62.8,"https://www.susu.org/about/2018/gender-pay-gap","Paul Davie (Director of Operations)","250 to 499","University Of Southampton Students' Union","False"
"1148848","0","S4E LIMITED","R","MEMORANDUM  AND ARTICLES INCORPORATED 15/08/2011&#x0D;
AS AMENDED BY SPECIAL RESOLUTION(S) DATED 31/07/2012&#x0D;
NOW ARTICLES ADOPTED BY SPECIAL RESOLUTION DATED 02/12/2015;","NOT DEFINED.","","F","","MR Martyn Collin","Unit 2 Holt Court                  ","Holt Street                        ","Birmingham Science Park            ","Aston                              ","Birmingham                         ","","","S4E LIMITED","Unit 3 Holt Court Holt Street,
Birmingham Science Park Aston,
Birmingham,
England,
B7 4AX","07739831","85520,
90030",10.9,8.3,0,0,0,0,29.6,70.4,42.9,57.1,53.5,46.5,52.9,47.1,"","Martyn Collin (CEO)","250 to 499","S4E LIMITED","False"
"1149019","0","CHELMER HOUSING PARTNERSHIP LIMITED                                                                                                                   ","R","MEMORANDUM  AND ARTICLES INCORPORATED 07/11/2000&#x0D;
NOW ARTICLES ADOPTED BY SPECIAL RESOLUTION DATED 12/03/2012&#x0D;
AS REGISTERED AT COMPANIES HOUSE ON 30/03/2012&#x0D;
AS AMENDED BY SPECIAL RESOLUTION REGISTERED AT COMPANIES HOUSE ON 16/04/2012&#x0D;
AS AMENDED BY SPECIAL RESOLUTION(S) DATED 22/07/2014&#x0D;
AS AMENDED BY SPECIAL RESOLUTION(S) DATED 08/10/2015&#x0D;
AS AMENDED BY SPECIAL RESOLUTION(S) DATED 28 JUN 2017;","NOT DEFINED.","","F","","MR STUART STACKHOUSE","Myriad House","23 Springfield Lyons Approach","Springfield","Chelmsford","","0300 555 0500","","CHELMER HOUSING PARTNERSHIP LIMITED","Myriad House 33 Springfield Lyons Approach,
Springfield,
Chelmsford,
United Kingdom,
CM2 5LB","04105878","68201,
98000",11.7,15.3,-68.4,-71.1,0.7,4.8,39.7,60.3,27.9,72.1,73.6,26.4,57.5,42.5,"https://www.chp.org.uk/download.cfm?doc=docm93jijm4n3624.pdf&ver=6322","Stuart Stackhouse (Chief Executive)","250 to 499","CHELMER HOUSING PARTNERSHIP LIMITED","False"
"1149326","0","THE DAUGHTERS OF CHARITY OF ST. VINCENT DE PAUL SERVICES                                                                                              ","R","MEMORANDUM  AND ARTICLES INCORPORATED 17 MAY 2011;","","","F","","SISTER ELLEN FLYNN","PROVINCIAL HOUSE","THE RIDGEWAY","LONDON","","","020 8906 3777","","THE DAUGHTERS OF CHARITY OF ST. VINCENT DE PAUL SERVICES","Provincial House, The Ridgeway,
London,
NW7 1RE","07638065","82990",8.1,4.9,0,0,0,0,9.2,90.8,15.4,84.6,10.6,89.4,6.1,93.9,"","Sujatha Alexander (HR Manager)","Not Provided","THE DAUGHTERS OF CHARITY OF ST. VINCENT DE PAUL SERVICES","False"
"1149439","0","ASPIRE SUSSEX LIMITED                                                                                                                                 ","R","MEMORANDUM  AND ARTICLES INCORPORATED 18 JUN 2012&#x0D;
AS AMENDED BY SPECIAL RESOLUTION(S) DATED 06 FEB 2017;","","","F","","MS Robyn Kohler","OAKMEEDS ADULT EDUCATION           ","ADULT EDUCATION DEPARTMENT         ","MARLE PLACE                        ","LEYLANDS ROAD                      ","BURGESS HILL                       ","01444 810729                       ","","ASPIRE SUSSEX LIMITED","Marle Place,
Leylands Road,
Burgess Hill,
West Sussex,
United Kingdom,
RH15 8HZ","08109768","85590",7.2,10.2,0,0,0,0,12.7,87.3,15.5,84.5,24.3,75.7,22.9,77.1,"https://www.aspiresussex.org.uk","Robyn Kohler (Chief Executive Officer)","250 to 499","ASPIRE SUSSEX LIMITED","False"
"1150711","0","7 HILLS LEISURE TRUST                                                                                                                                 ","R","MEMORANDUM  AND ARTICLES INCORPORATED 25/01/2012&#x0D;
AS AMENDED BY SPECIAL RESOLUTION(S) DATED 25/01/2013&#x0D;
AS REGISTERED AT COMPANIES HOUSE ON 29/01/2013;","","","F","","MR ANDREW SNELLING","DON VALLEY STADIUM","WORKSOP ROAD","SHEFFIELD","","","0114 223 3600","","7 Hills Leisure Trust","Riverside East,
2 Millsands,
Sheffield,
South Yorkshire,
United Kingdom,
S3 8DT","07923816","93110,
93290",-13.6,-15.7,-100,-100,0,3.7,51.3,48.7,53.1,46.9,46.9,53.1,34.2,65.8,"","Andrew Snelling (Chief Executive)","250 to 499","7 Hills Leisure Trust","False"
